id,badgegeber_id,status,name,deklarierte_funktion,infocube_id_person,kategorie,infocube_id,geschlecht,person.city,person.kanton,bemerkungen
1,1,,Vincenzo Pedrazzini,FDP,370844,2,370844,m,Wollerau,SZ,
2,2,,Donat Schneider,Landwirtschaftliche Organisation Bern und der angrenzenden Gebiete Lobag,4937033,S,4937033,m,Diessbach b. Büren,BE,
248,2,,Werner Salzmann,SVP Bern,418186,2,418186,m,Mülchi,BE,Mitglied im Zentralvorstand der SVP Schweiz
3,3,,Etienne Bütikofer,Berufsverband Bildung,p20003213451,S,p20003213451,,,,"Kursleiter, Bildungs-Berater, Bildungs-Lobbyist"
249,3,,Markus Meyer,Präsident Schweizerisches Kompetenzzentrum Fischerei SKF,,S,,,,,"Präsident Bernisch Kantonaler Fischerei-Verband, Rechtsanwalt bei Bracher & Partner, Spezialist für Wirtschafts-, Verwaltungs- und Baurecht, über öffentliche Suchmaske zu wenig eindeutig. Privatadresse: Eisenbahnstrasse 11, 4901 Langenthal"
5,5,,Alex Fischer,WWF Schweiz,p21005293744,S,p21005293744,,,,"Dozent an der Central European University, Budapest"
,5,neu,Gebhard Marc,Gast,,,,,,,
6,6,,Kind Andrea,Gast,,0,,,,,"Musikerin (Konzerthackbrett),
Klangschalen-Masseurin und -therapeutin"
253,7,,Dore Heim,Schweizerischer Gewerkschaftsbund,,S,,,,,Geschftäftsführende Sekretärin des Schweizerischen Gewerkschaftsbundes (SGB)
7,7,,Simon Affolter,Etat de Vaud,,2,,,,,Delegierter des Kantons Waadt für interkantonale und europäische Angelegenheiten
8,8,,Raphaël Tschanz,UBS,5315606,K,5315606,m,Zürich,ZH,
255,9,,René Rall,Schweizerischer Anwaltsverband,853602,S,853602,m,Bern,BE,Generalsektretär Sschweizerischer Anwaltsverband
9,9,,Stefan Wyer,Pesönlicher Mitarbeiter,5716363,1,5716363,m,Spiez,BE,"Kommunikations- und Public-Affairs-Berater, ehemaliger persönlicher Mitarbeiter von Bundesrätin Ruth Metzler-Arnold"
10,10,,Max Nötzli,Auto-Schweiz,1030082,S,1030082,m,Muri b. Bern,BE,
256,10,,Roger Schnegg,Swiss Olympic,6328894,R,6328894,m,Münchenbuchsee,BE,
11,11,,Martin Flügel,Travailsuisse,4589513,S,4589513,m,Bern,BE,
257,11,alt,Susanne Blank,Travailsuisse,,S,,,,,"Cheredaktorin ""Die Volkswirtschaft"", Staatssekretariat für Wirtschaft Seco"
,11,neu,Fischer Gabriel,Travailsuisse,,,,,,,
13,13,,Regula Mühlebach,Schweizerischer Mieterinnen- und Mieterverband Deutschschweiz SMV / D,5414310,S,5414310,F,Zürich,ZH,
259,13,,Ulrich Keller,Schweizerischer Verband für Wohnungswesen,268223,S,268223,m,Zürich,ZH,
14,14,,Lionel Ricou,Curaviva / Cabinet privé de conseils,5135121,Q,5135121,m,Genève,GE,Public-Affairs-Spezialist
261,15,,Edith Baumann,Gast,51997,0,51997,F,Wassen UR,UR,Ehefrau von Isidor Baumann
15,15,,Emil Kälin,Pesönlicher Mitarbeiter,4465470,1,4465470,m,Altdorf UR,UR,Generalsekretär Volkswirtschaftsdirektion Uri
16,16,,Martin Zenhäusern,Zenhäusern und Partner,736914,M,736914,m,Jona,SG,"Ex-Coach von Ruth Metzler und Joseph Deiss, Ex-Pressesprecher CVP Wallis"
262,16,,Nathalie Gysi,Green Cross Schweiz,1058766,S,1058766,F,Zürich,ZH,
263,17,,Florence Meyer,Ville de La Chaux-de-Fonds,,2,,,,,Verantwortliche für Aussenangelegenheiten bei der Stadt La Chaux-de-Fonds
17,17,,Natacha Berberat,Gast,p22005158400,0,p22005158400,,,,Ehefrau
18,18,,Alain Bovard,"Amnesty International, Section Suisse",,S,,,,,
264,18,,Daniel Roth,Gast,,0,,,,,Ehemann
19,19,,Stefan Vannoni,Economiesuisse,5591444,S,5591444,m,Basel,BS,Stv. Leiter allgemeine Wirtschaftspolitik & Bildung bei Economiesuisse
266,20,,Aeppli Alfred,Gast,,0,,,,,"Der ""Bundeshaus-Seelsorger""; arbeitet bei den Besinnungen im Bundeshaus mit. Präsident des Landeskirchen-Forums."
20,20,,Matthias Dietrich,Informationsdienst für den öffentlichen Verkehr Litra,,S,,,,,Geschäftsführer. War früher in der PR-Abteilung der SBB.
,21,neu,Brunner Markus,Waldwirtschaft Schweiz,,,,,,,
21,21,,Hans Koller,Strasseschweiz,,S,,,,,
267,21,alt,Urs Amstutz,Waldwirtschaft Schweiz,35427,S,35427,m,Liestal,BL,
22,22,,Sara Stalder,Siftung für Konsumentenschutz,5701234,S,5701234,F,Sumiswald,BE,
23,23,,Marco Taddei,Schweizerischer Verband freier Berufe,,S,,,,,Generalsekretär
24,24,,Hans-Ulrich Bigler,Schweizerischer Gewerbeverband SVG,850929,S,850929,m,Affoltern am Albis,ZH,Und: Vorstand HEV Kanton Zürich
25,25,,Blocher Silvia,Gast,6895995,0,6895995,F,Herrliberg,ZH,Ehefrau
271,25,,von Rohr Chris,Gast,,0,,,,,
26,26,,David Stickelberger,Swissolar,5646523,M,5646523,m,Zürich,ZH,
272,26,,Gaston Wolf,Konferenz Hochschuldozierende Schweiz,,S,,,,,
27,27,,Erich Herren,Persönlicher Mitarbeiter,4867051,1,4867051,M,Gerlafingen,SO,
273,27,,Hüssy Hans-Rudolf,Persönlicher Mitarbeiter,,1,,,,,Ex-Präsident der Offiziere der Luftwaffe (Avia)
274,28,,Roswitha Brunner,Aktion Medienfreiheit,,S,,,,,
28,28,,Urs Martin,Privatklinken Schweiz,6595970,S,6595970,M,Romanshorn,TG,
29,29,,Francis Egger,Union Suisse des Paysans,1073293,S,1073293,M,Onnens FR,FR,
275,29,,Fritz Glauser,Schweizer Bauernverband,1035028,S,1035028,M,Châtonnaye,FR,
,30,neu,Egger Beda,Persönlicher Mitarbeiter,,1,,,,,
30,30,,Rudolf Minsch,Economiesuisse,5881302,S,5881302,M,Tamins,GR,
31,31,,Rohner Petra,Persönliche Mitarbeiterin,,1,,,,,
278,32,,Thomas Bähler,"Verband Stahl-, Metall- und Papier-Recycling Schweiz VSMR",,S,,,,,"Geschäftsführer von Wirtschaftsverbänden im Mandatsverhältnis (Stahl-, Metall und Papier-Recycling; Entsorgung von elektronischen und elektrischen Altgeräten; Blumenimport und -grosshandel, Tabakwarenhandel, Kartenverlage)"
32,32,,Uebersax Judith,SVP Frauen Schweiz,,2,,,,,
34,34,,Beat Christen,Persönlicher Mitarbeiter,,1,,,,,"http://newsnetz-blog.ch/hugostamm/blog/2012/05/03/stosstrupp-gottes-in-den-wandelhallen/comment-page-4/#comments 

http://www.vbg.net/die-vbg/wer-wir-sind/mitarbeitende.html"
280,34,,Thomas Ruckstuhl,Persönlicher Mitarbeiter,,1,,,,,
281,35,,Jean-Claude Chabloz,Gast,,0,,,,,
35,35,,Martin Kuonen,Centre Patronal,5809264,S,5809264,M,Worb,BE,
36,36,,Daniel Bulliard,Gast,98731,0,98731,M,Ueberstorf,FR,
282,36,,Xavier Pilloud,Persönlicher Mitarbeiter,,1,,,,,
283,37,,Alfred Squaratti,Union Suisse des Sociétés d'Ingénieurs Conseils Usic,727481,M,727481,M,Sion,VS,
37,37,,Brigitte Pitteloud,Etat du Valais,,2,,,,,
38,38,,Martin Fröhlich,Persönlicher Mitarbeiter,,1,,,,,
285,39,,Jean-Félix Savary,Groupement Romand d'Etudes des Addictions Grea,,S,,,,,
39,39,,Töngi Michael,Schweizerische Mieterinnen- und Mieterverband,,S,,,,,
41,41,,Sara Guerra,"Stagiaire, Kanton Tessin",,2,,,,,
42,42,,Arthur Wellinger,Biomasse Suisse,647183,S,647183,M,Guntershausen b. Aadorf,TG,
288,42,,Laurent Seydoux,GLP,451881,2,451881,M,Plan-les-Ouates,GE,
289,43,,Jean-Marc Widmer,Fédération Suisse Fonctionnaires de Police,4377053,S,4377053,M,Meyrin,GE,
43,43,,Sandra-Anna Göbelbecker,Persönliche Mitarbeiterin,,1,,,,,
291,45,,Buschbeck Mathias,Persönlicher Mitarbeiter,,1,,,,,
45,45,,Felix Wirz,Ecopolitics,4045146,M,4045146,M,Bern,BE,
46,46,,Bettina Mutter,Dynamics Group,6701264,M,6701264,F,Zürich,ZH,cf. Franz Egle / Dynamics Group AG
292,46,,Timotheos Frey,Burson-Marsteller,,M,,,,,
47,47,,Sarkis Shahinian,Parlamentarische Gruppe Schweiz-Armenien,7038795,2,7038795,M,Schmitten FR,FR,
,47,neu,Gisi Barbara,Schweizer Tourismus-Verband STV,,S,,,,,
48,48,,Dieter Kläy,Schweizerischer Gewerbeverband SGV,4562781,S,4562781,M,Winterthur,ZH,
294,48,,Markus Meier,Hauseigentümerverband Baselland,651505,S,651505,M,Ormalingen,BL,
295,49,,Arnaud Schaller,Alliance des Assureurs Maladie Suisses AAMS,7092939,S,7092939,M,Bern,BE,
49,49,,Christina Gaggini,Economiesuisse,,S,,,,,
50,50,,Ronny Kaufmann,Die Schweizerische Post,4504015,H,4504015,M,Zürich,ZH,
298,52,,Jürg Schlup,Verbindung der Schweizer Ärztinnen und Ärzte FMH,,S,,,,,
52,52,,Rita Eder-Bachmann,Gast,,0,,,,,
299,53,,Konrad Hanspeter,Schweizerischer Pensionskassenverband Asip,,K,,,,,
53,53,,Ruedi Leder,Gast,628575,0,628575,M,Baden,AG,
54,54,,Albert Leiser,Hauseigentümerverband Zürich,297418,S,297418,M,Zürich,ZH,
300,54,,Ansgar Gmür,Hauseigentümerverband Schweiz,1192206,S,1192206,M,Affoltern am Albis,ZH,
301,55,,Daniel Heller,Farner Consulting,224973,M,224973,M,Erlinsbach,AG,
55,55,,Marie-Louise Baumann,MLB Communications,4689222,M,4689222,F,Zürich,ZH,
56,56,,Fadri Ramming,Regierungskonferenz der Gebirgskantone RKGK,1049448,2,1049448,M,Chur,GR,
302,56,,Thomas Egger,Schweizerische Arbeitsgemeinschaft für das Berggebiet Sab,,S,,,,,
303,57,,Richard Estermann,Gast,152168,0,152168,M,Kriens,LU,
,57,alt,Werni Birrer,Gast,,0,,,,,
,57,neu,With Peter,Gast,,0,,,,,
58,58,,Helen Fässler-Eiermann,Gast,5818623,0,5818623,F,Appenzell,AI,
59,59,,Chantal Aeby Pürro,Fédération suisse des vignerons FSV,,S,,,,,
305,59,,Guido Fürer,Bureau de prévention des accidents BPA,6465912,S,6465912,M,Sempach,LU,
306,60,,Bruno Stegmann,Gast,,0,,,,,
60,60,,Hans Kuno Schweiger,Gast,,0,,,,,
61,61,alt,Peter Graf,Persönlicher Mitarbeiter,,1,,,,,
308,62,,Andrea Arezina,Persönliche Mitarbeiterin,,1,,,,,
62,62,,Miriam Wetter,Persönliche Mitarbeiterin,,1,,,,,
310,64,,Conradin Nils Münger,Verein Kinderlobby,,S,,,,,
64,64,,Roland Seiler,Schweizerischer Fischerei-Verband SFV,,S,,,,,
65,65,,Sybille Oetliker,Schweizerischer Städteverband SSV,,S,,,,,Wissenschaftliche Mitarbeiterin Schweizerischer Städteverband (http://staedteverband.ch/de/Info/Stadteverband/Geschaftsstelle)
66,66,,Ernesto Engel,Kunststoff Verband Schweiz,5472975,S,5472975,M,Grüt (Gossau ZH),ZH,
,66,neu,Seiler Daniel,Aids-Hilfe Schweiz,,,,,,,
67,67,,Ingrid Hess,Umweltallianz,,S,,,,,
313,67,,Michèle Graber,Persönliche Mitarbeiterin,6749204,1,6749204,F,Udligenswil,LU,
68,68,,Hans-Georg Bächtold,Schweizerischer Ingenieur- und Architekten-Verein,,S,,,,,
314,68,,Peter Schuhmacher,Geo Consulting Group,858208,M,858208,M,Wettingen,AG,
69,69,,Hansruedi Streiff,Holzindustrie Schweiz,765735,S,765735,M,Bern,BE,
315,69,,Henrique Schneider,Schweizerischer Gewerbeverband SGV,6527757,S,6527757,M,Appenzell,AI,
70,70,,Cahannes Dagobert,Kanton Solothurn,,2,,,,,
316,70,,Michael Schmid,Verband der Schweizerischen Gasindustrie VSG,,S,,,,,
317,71,,Marco Föhn,Gast,5530653,0,5530653,M,Muotathal,SZ,
71,71,,Priska Föhn,Gast,4444336,0,4444336,F,Muotathal,SZ,
72,72,,Christian Melly,Kanton Wallis,329859,2,329859,M,Anniviers,,
318,72,,Xavier Bertelletto,Kanton Wallis,p27003254264,2,p27003254264,,,,
319,73,,Kristensen Philip Holmgaard,Centre Patronal (Mandat Aerosuisse und Parl. Gruppe Luft- und Raumfahrt),,S,,,,,
73,73,,Paul-André Simon,Persönlicher Mitarbeiter,,1,,,,,
320,74,,Jean-Christophe Britt,"Public Affairs, Novartis International",,M,,,,,Mediensprecher Novartis International AG
74,74,,Joël A. Thüring,Persönlicher Mitarbeiter,5089791,1,5089791,M,Basel,BS,
75,75,,Kuno Hämisegger,Schweizerische Bankiervereinigung,1008819,S,1008819,M,Oberwil BL,BL,
76,76,,Antoine Carraux,Union Démocratique du Centre du Valais romand,,2,,,,,
322,76,,Jérome Desmeules,Union Démocratique du Centre du Valais romand,,2,,,,,
77,77,,Reto Wiesli,Médecins de famille suisse,5454878,S,5454878,M,Fribourg,FR,
78,78,,Jürg Wittwer,Hausverein Schweiz,,S,,,,,
80,80,,Kurt Rohrbach,Verband Schweizerischer Elektrizitätsunternehmen,404341,S,404341,M,Büren an der Aare,BE,
326,80,,Roger de Weck,SRG SSR,4243104,J,4243104,M,Zürich,ZH,
81,81,,Christoph Dietler,Pluswert,,M,,,,,
328,82,,Beat Spahni,Thinkart Consulting,,M,,,,,
82,82,,Rudolf Horber,Schweizerischer Gewerbeverband SGV,5398217,S,5398217,M,Niederscherli,BE,
83,83,,Chantal Balet,Cabinet conseils FBL associés,46828,M,46828,F,Grimisuat,VS,
329,83,,Martin Schläpfer,Migros-Genossenschafs-Bund,4860527,G,4860527,M,Stettlen,BE,
84,84,,Renate Hotz,Hotz Communications,1046083,M,1046083,M,Stettlen,BE,
85,85,,Hans-Ulrich Hunziker,Swiss Association Value Added Services Savass,,S,,,,,
331,85,,Michael Gehrken,Schweizerischer Nutzfahrzeugverband Astag,869641,S,869641,M,Belp,BE,
86,86,,Barbara Küttel,Kleinbauern-Vereinigung VKMB,,S,,,,,
332,86,,Rudolf Alther,Gesellschaft Schweiz-Albanien,33090,S,33090,M,Goldach,SG,
333,87,,Barmettler Franziska,Swisscleantech,,M,,,,,
87,87,,Patrick Hofstetter,WWF Schweiz,6328680,S,6328680,M,Zürich,ZH,
334,88,,Guido Graf,Kanton Luzern,,2,,,,,http://www.lu.ch/gesundheit_soziales = http://infocube.ch/de/p/198658/graf-guido ???
88,88,neue Funktionsbezeichnung,Jonas Glanzmann,Persönlicher Mitarbeiter ,,1,,,,,
335,89,,Moreno Casasola,Solidarité sans frontières,,S,,,,,
89,89,,Nicole Werner,Alliance Sud,,S,,,,,
336,90,,Hannes Jaisli,Gastrosuisse,,S,,,,,
90,90,,Marcel Kreber,Schweizer Brauerei-Verband,5767738,S,5767738,M,Niederwil AG,AG,
92,92,,Wyss Gräber Andrea,Gast,5446271,0,5446271,F,Kriens,LU,
339,93,,Christina Goethe,Swissaid,,Q,,,,,
93,93,,Markus Allemann,Greenpeace Schweiz,,S,,,,,
340,94,,Harry Graf,Gast,,0,,,,,
94,94,,Walter Stüdeli,Geschäftsführung Verbände,4909799,S,4909799,M,Bern,BE,
341,95,,Giovanni Giunta,Futuro PMI / Relève PME / KMUnext,6238466,S,6238466,M,Montreux,VD,
95,95,,Kurt Howald,Gast,,0,,,,,
342,96,,Adrian Schmid,Schweizerischer Heimatschutz,,S,,,,,
96,96,,Jürgen Schulz,Persönlicher Mitarbeiter,,1,,,,,
97,97,,In-Albon Hans-Peter,Verband Schweizerischer Elektro-Installationsfirmen VSEI,5131473,S,5131473,M,Waldkirch,SG,
344,98,,Christian Köpe,Galencia,926284,M,926284,M,Zürich,ZH,
98,98,,Klaus Künzli,Gastrosuisse,6804000,S,6804000,M,Ittigen,BE,
99,99,,Marie-Jo Girardin,Persönliche Mitarbeiterin,,1,,,,,
345,99,,Michel Darbellay,Chambre jurassienne d'agriculture,,S,,,,,
100,100,,Stefan Kilchenmann,Swisscom,270640,J,270640,M,Schliern b. Köniz,BE,https://www.xing.com/profiles/Stefan_Kilchenmann
346,100,,Thomas Zwald,Verband Schweizer Elektrizitätsunternehmen VSE,,S,,,,,
101,101,,Kurt Wilhelm,Sanitas Krankenversicherung,527127,K,527127,M,Aarau,AG,
347,101,,Urs Brogli,FDP Gesundheitskommission,888313,2,888313,M,Zürich,ZH,"Leiter Kommunikation & Public Affairs von The Swiss Leading Hospitals: http://www.slh.ch/de/aktuelles/meldungen/neuer-leiter-kommunikation.php, Leiter der Unternehmenskommunikation bei
 der Privatklinikgruppe Hirslanden, Präsident der 
gesundheitspolitischen Kommission des Dachverbandes der Privatkliniken 
Schweiz (PKS):http://www.bilanz.ch/unternehmen/urs-brogli-ueber-reformen-im-gesundheitswesen-auf-der-intensivstation"
102,102,neue Funktionsbezeichnung,Stefan Jakob,Ecopolitics,,S,,,,,
348,102,,Yvonne Ribi,Schweizerischer Berufsverband der Pflegefachfrauen und Pflegefachmänner SBK-ASI,,S,,,,,
349,103,,Armin Menzi,Persönlicher Mitarbeiter,864193,1,864193,M,Frauenfeld,TG,
103,103,,Dieter Meile,Persönlicher Mitarbeiter,,1,,,,,
350,104,,Annette Walder,Gast,,0,,,,,
104,104,,Daniela Lehmann,Gewerkschaft des Verkehrspersonals Sev,,S,,,,,
105,105,,Christine Davatz-Höchner,Schweizerischer Gewerbeverband SGV,669335,S,669335,F,Messen,SO,
351,105,,Peter Stähli,Kleine und mittlere Unternehmen (KMU),,S,,,,,
106,106,,Gallus Cadonau,Schweizerische Greina-Stiftung / Solaragentur Schweiz,103036,S,103036,M,Zürich,ZH,
352,106,,Peter Schmid,Wohnbaugenossenschaft Schweiz,,S,,,,,
107,107,,Martin Rufer,Schweizerischer Bauernverband,5774114,S,5774114,M,Solothurn,SO,
354,108,,Liliane Brunisholz,Union suisse des paysans,,S,,,,,
108,108,,Martin Pidoux,Schweizerischer Bauernverband,6815095,S,6815095,M,Fribourg,FR,
355,109,,Jean-Claude Hennet,Conférence des directeurs des transports de suisse occidentale CTSO,,S,,,,,
109,109,,Raphaël Ciocchi,Persönlicher Mitarbeiter,6607224,1,6607224,M,Vicques,JU,
110,110,,Alexander Segert,Gast,,0,,,,,
356,110,,Ernst Stocker,Gast,,0,,,,,
111,111,,Bettina Ramseier Rey,Curaviva,5686206,Q,5686206,F,Icogne,VS,
357,111,,Elsbeth Wandeler,Persönliche Mitarbeiterin,,1,,,,,
112,112,,Bruno Henggi,Interpharma Basel,5754911,M,5754911,M,Riehen,BS,
358,112,,Mike Bacher,Persönlicher Mitarbeiter,,1,,,,,
113,113,,Pascal Gentinetta,Economiesuisse,,S,,,,,
114,114,,Urs Wellauer,Schweizerischer Bäcker-Confiseurmeister-Verband,520100,S,520100,M,Bern,BE,
115,115,,Florence Schurch,Chancellerie de la République et Canton de Gèneve,,2,,,,,
361,115,,Pierre Maudet,Commission fédérale pour l'enfance et la jeunesse,4757083,2,4757083,M,Genève,GE,
116,116,,Beat Meiner,Schweizerische Flüchtlingshilfe,5770043,Q,5770043,M,Bern,BE,
119,119,,Cornelia Stamm Hurter,Gast,p26002615664,0,p26002615664,,,,
120,120,,Rolf Hartl,Erdöl-Vereinigung,218441,S,218441,M,Eglisau,ZH,
366,120,,Valentin Vogt,Schweizerischer Arbeitgeberverband,505270,S,505270,M,Hombrechtikon,ZH,
121,121,,Harald Burgener,Gast,,0,,,,,
367,121,,Oliver Schnyder,Verband Walliser Gemeinden,,S,,,,,
368,122,,Martine Schneider,Gast,,0,,,,,
122,122,,Werner Müller,SVS / BirdLife Schweiz,,S,,,,,
123,123,,Dominik Bachmann,Aidshilfe Schweiz,,S,,,,,
369,123,,Martin Dätwyler,Handelskammer beider Basel,,S,,,,,
370,124,,Daniel Wiener,Persönlicher Mitarbeiter,853105,1,853105,M,Basel,BS,
124,124,,Mirjam Ballmer,Pro Natura,5654519,S,5654519,F,Basel,BS,Projektleiterin für Naturschutzpolitik bei Pro Natura
125,125,,Lucia Döbeli,Swiss Life,,K,,,,,
126,126,,Aliki Panayides,Persönliche Mitarbeiterin,p22005361383,1,p22005361383,,,,
372,126,,Marcel Durst,Geschäftsführer Association Spitex Privée Suisse ASPS,1065079,S,1065079,M,Avenches,VD,
373,127,,André Frutschi,Persönlicher Mitarbeiter,,1,,,,,
127,127,,Annina Schneider,Alliance Sud,,S,,,,,
128,128,,Herbert Winter,Schweizerischer Israelitischer Gemeindebund,25037,S,25037,M,Zürich,ZH,
374,128,,Peter Kyburz,KV Schweiz,713874,P,713874,M,Winterthur,ZH,
375,129,,Beat Zbinden,Persönlicher Mitarbeiter,,1,,,,,
129,129,,Hans-Rudolf Müller,AXA Versicherungen,18642,K,18642,M,Wiesendangen,ZH,
131,131,,Morten Keller,Gast,,0,,,,,
377,131,,Morten Keller,,,,,,,,
378,132,,Barbara Züst,Persönliche Mitarbeiterin,,1,,,,,
132,132,,Kalim Ghulam,Powercondens,6942944,G,6942944,M,Chur,GR,
133,133,,Christof Berger,Persönlicher Mitarbeiter,,1,,,,,
379,133,,Rosmarie Glauser,Verband Schweizer Assistenz- und Oberärztinnen- und Ärzte VSAO,,S,,,,,
134,134,,Charles Buser,Bauenschweiz,,S,,,,,
380,134,,Urs Glutz,Swisspower,681493,K,681493,M,Brugg AG,AG,
136,136,,Susanne Brunner,Economiesuisse,4088504,S,4088504,F,Zürich,ZH,
137,137,,Paul Aenishänslin,PAE-PAC Public Affairs & Communications,1014565,M,1014565,M,Gelterkinden,BL,
383,137,,Urs Näf,Economiesuisse,,S,,,,,
138,138,,Marcel Sennhauser,Scienceindustries,1067385,S,1067385,M,Arni AG,AG,
384,138,,Simone Fedele Wyss,Helvetia und Präsidentin Basler Ökonomen,,K,,,,,
139,139,,Bruno Weber-Gobet,Travailsuisse,4302631,S,4302631,M,Schmitten FR,FR,
385,139,,Maxwell Sigurd,Alprail,1022882,S,1022882,M,Thônex,GE,
386,140,,Claudia Bolla-Vincenz,Swisscable,791471,S,791471,F,Vallamand,VD,
140,140,,Dominique Reber,Hirzel.Neef.Schmid Konsulenten,5285695,M,5285695,M,Worb,BE,
388,142,,Alain Carrupt,Syndicom,1144647,S,1144647,M,Belfaux,FR,
142,142,,Luca Cirigliano,Schweizerischer Gewerkschaftsverbund,p25015040091,S,p25015040091,,,,
389,143,neue Funktionsbezeichnung,Gabi Badertscher,YJOO Communications,4957570,M,4957570,F,Uttwil,TG,
143,143,alt,Hansjörg Fasnacht,Persönlicher Mitarbeiter,155871,1,155871,M,Tägerwilen,TG,
144,144,,Maria Luisa Bernini Burkhard,Swiss Communication Agency,6311215,M,6311215,F,Ascona,TI,
390,144,,Rudolf Wyder,Auslandschweizer Organisation,534408,S,534408,M,Bern,BE,
145,145,,Raymond Loretan,Gast,5617064,0,5617064,M,Genève,GE,Beweis: http://www.srgd.ch/index.php?id=1319
391,145,,Varuna Singh Auroi,Kanton Genf,,2,,,,,
392,146,,Martin Muerner,Radio Berner Oberland,5546035,J,5546035,M,Oberhofen am Thunersee,BE,
146,146,,Thomas Moser,Kanton Bern,,2,,,,,
393,147,,Daniel Borner,Verband Schweizerischer Schreinermeister und Möbelfabrikanten VSSM,,S,,,,,
147,147,,Judith Fischer,Suva,6549004,K,6549004,F,Cham,ZG,
394,148,,Christian Zeyer,Swisscleantech,5579517,M,5579517,M,Ostermundigen,BE,
148,148,,Yves Weidmann,Schweizerische Bankiervereinigung SBVG,5500705,S,5500705,M,Burgdorf,BE,
395,149,,Ernest Geiser,Gast,,0,,,,,
149,149,,Monika Maire-Hefti,Gast,906925,0,906925,F,Les Ponts-de-Martel,NE,
396,150,,Lukas Schürch,Neue Europäische Bewegung Schweiz Nebs,,S,,,,,
150,150,,Thierry Burkart,Touring Club Suisse TCS,4308851,S,4308851,M,Baden,AG,
151,151,,Andreas Tschöpe,Conseil Suisse des Activités de Jeunesse,,S,,,,,
397,151,,Mohamed Hamdaoui,Syndicom,6657780,S,6657780,M,Biel/Bienne,BE,
398,152,,Andreas Schefer,SRG Deutschschweiz,6348926,J,6348926,M,Bern,BE,
152,152,,Hannes Rettenmund,Persönlicher Mitarbeiter,,1,,,,,
153,153,,Doris Güttinger,Fédération suisse des sages-femmes SHV / FSSF,,S,,,,,
399,153,,Marie Pasquier Maridat,Persönliche Mitarbeiterin,,1,,,,,
154,154,,Babette Sigg Frank,CVP Frauen Schweiz,p29001217247,2,p29001217247,,,,
400,154,,François Tissot-Daguette,La Poste,,H,,,,,
155,155,,Claudio Kuster,Persönlicher Mitarbeiter,,1,,,,,
402,156,neue Funktionsbezeichnung,Johan Rochel,Persönlicher Mitarbeiter / Représentant de foraus,,1,,,,,
156,156,,Maxim Wuersch,Persönlicher Mitarbeiter,,1,,,,,
403,157,,Patrick Kneubühl,Treuhand Suisse,,M,,,,,
157,157,,Thomas Pletscher,Economiesuisse,975318,S,975318,M,Fällanden,ZH,
158,158,,Markus Flury,Schweizer Musikrat SMR,,S,,,,,
405,159,,Ersin Dincer,Kinderlobby,,S,,,,,
159,159,,Martin Bosshard,Bio Suisse,,S,,,,,
160,160,,Helene Müller-Bühler,Gast,p25000897613,0,p25000897613,,,,
406,160,,Oscar J. Schwenk,Pilatus Aircraft,702264,H,702264,M,Mauensee,LU,
408,162,,Monika Sommer,Hauseigentümerverband Schweiz,4692736,S,4692736,F,Dübendorf,ZH,
162,162,,Rudolf Zumbühl,Touring Club Suisse TCS,5612965,S,5612965,M,Villars-sur-Glâne,FR,
163,163,,Ottilia Müller,Persönliche Mitarbeiterin,,1,,,,,
409,163,,Reinhard Frei,Persönlicher Mitarbeiter,,1,,,,,
164,164,,Jürg Maurer,Migros-Genossenschaft-Bund,,G,,,,,
165,165,,Franz Grüter,Gast,,0,,,,,
412,166,,Marc Herkenrath,Alliance Sud,p29002609056,S,p29002609056,,,,
166,166,,Patrick Hadi Huber,Persönlicher Mitarbeiter,5725885,1,5725885,M,Zürich,ZH,
167,167,,Egger Michel,Alliance Sud,,S,,,,,
,167,,Neirynck Julien,Gast,,,,,,,
168,168,,Bollag Josef,"Institute for Security Analysis and Strategic Netwroking, Stiftung ISSN",363,S,363,M,Baden,AG,
414,168,,Studer Marc,Le Lobby des Citoyens,4127563,S,4127563,M,Genève,GE,
415,169,,Fredy Müller,Mueller Consulting und Partner,,M,,,,,
169,169,,Roger Hedi,Sport-Toto-Gesellschaft,,R,,,,,
170,170,,Cherix François,Gast,,0,,,,,
416,170,,Leumann Luc,Verkehrsclub der Schweiz VCS,,S,,,,,
417,171,,Andreas Hugi,Furrer.Hugi und Partner,4513204,M,4513204,M,Zumikon,ZH,
171,171,,Furrer Lorenz,Furrer.Hugi und Partner,5105362,M,5105362,M,Muri b. Bern,BE,
172,172,,Nussbaumer Michael,Persönlicher Mitarbeiter,6562803,1,6562803,M,Basel,BS,Familienmitglied
418,172,,Stefan Batzli,Agentur für Erneuerbare Energien und Energieeffizienz,4010952,S,4010952,M,Solothurn,SO,
173,173,,Tettamanti Elvio,Gast,p26001067974,0,p26001067974,,,,Familienmitglied
174,174,,Wartenweiler Johannes,Persönlicher Mitarbeiter,,1,,,,,http://www.sp-bern-nord.ch/aktuell/abstimmungen-wahlen/32-wahlen-2012/133-johannes-wartenweiler
420,174,,Wyss Manuel,Unia,,S,,,,,
175,175,,Cueni Thomas,Interpharma,121692,M,121692,M,Binningen,BL,
422,176,,Rohr Daniel C.,Rohr Communications,,M,,,,,
176,176,,Zürcher Montali Ines,Persönliche Mitarbeiterin,625628,1,625628,F,Breganzona,TI,
,,neu,Zijdenbos Theo,Vereinigung Schweizerischer Privatbanquiers,,,,,,,
177,177,alt,Hofmann Max,Fédération Suisse des Fonctionnaires de Police,1020194,S,1020194,M,Colombier NE,NE,
423,177,alt,Willener Walter,Association suisse pour un secteur agroalimentaire fort,527355,S,527355,M,Auvernier,NE,
424,178,,Enggasser Josiane,Schweizer Obstverband,4178254,S,4178254,F,Emmen,LU,
178,178,,Mühlethaler Jan,Schweizer Aussenwirtschaftsförderung Osec,p28002992189,S,p28002992189,,,,
425,179,,Derrer-Balladore Ruth,Schweizerischer Arbeitgeberverband,,S,,,,,
179,179,,Studerus Konrad,"Studerus und Partner, Zug",477648,M,477648,M,Menzingen,ZG,
426,180,,Gfeller Kurt,Schweizerischer Gewerbeverband,880278,S,880278,M,Lyss,BE,
180,180,,Sutter Sigrid,Swiss Label,,S,,,,,
181,181,,Björk Michaela,Persönliche Mitarbeiterin,p25004801411,1,p25004801411,,,,
,181,neu,Schweri Kim Lara,Réseau OSEO / Netzwerk SAH,,S,,,,,
182,182,,Baertschi François,Persönlicher Mitarbeiter,45382,1,45382,M,Carouge GE,GE,
428,182,,Stauffer Eric,Mouvement Citoyens Romand - Mouvement Citoyens Geenvois MCR-MCG,,2,,,,,
183,183,,Maurer Thomas C.,Maurer Partner Communications,975543,M,975543,M,Bern,BE,
430,184,,Burkhardt Michael,Sunrise,,J,,,,,
184,184,,Meyer Urs F.,Schweizer Medien,335092,S,335092,M,Solothurn,SO,
431,185,,Ambrosetti Renzo,Gewerkschaft Unia,33776,S,33776,M,Monte Carasso,TI,
185,185,,Werder Christina,Schweizerischer Gewerkschaftsbund,6446441,S,6446441,F,Zürich,ZH,
432,186,,Comina Claude,Gast,,0,,,,,
186,186,,Karch Herbert,Agrarallianz / Kleinbauern-Vereinigung VKMB,848993,S,848993,M,Wattenwil,BE,
187,187,,Geninazzi Angelo,Economiesuisse Svizzera italiana,,S,,,,,
433,187,,Trisconi Michela,Persönliche Mitarbeiterin,,1,,,,,
434,188,,Horisberger Marc,"Verband der Poker-, Geschicklichkeits- und Unterhaltungsspiele-Anbieter VPUG",,S,,,,,
188,188,,Simonet Denis,Piratenpartei,p21008036913,2,p21008036913,,,,
435,189,,Hürzeler Urs,Persönlicher Mitarbeiter,,1,,,,,
189,189,,Reimann Hans Peter,Gast,6970879,0,6970879,M,Wallbach,AG,
436,190,alt,Grob Annina,Union des Etudiants de Suisse,,S,,,,,
190,190,,Strozzi Elena Antonella,Initiative des Alpes,,S,,,,,
,190,neu,Hugentobler Manuela Annette,Union des Etudiants de Suisse UNES,,S,,,,,
437,191,alt,Cornu Pierre,Persönlicher Mitarbeiter,,1,,,,,
191,191,alt,Suter Bertil,Gast,p22010017274,0,p22010017274,,,,
192,192,,Bachmann Jürg,Verband Schweizer Privatradios VSP,,S,,,,,
439,193,,Christoph Kull,Beratendes Organ für Fragen der Klimaänderung des Bundes OcCC,,2,,,,,
193,193,,Schwitter Stephan,Wohnbaugenossenschaft Schweiz,816649,L,816649,M,Horgen,ZH,
194,194,,Salzmann Bernard,Usam,,S,,,,,
441,195,,Josef Dissler,Schweizerischer Bauernverband,944515,S,944515,M,Wolhusen,LU,
195,195,,Widmer Andreas,St. Galler Bauernverband,524178,S,524178,M,Mühlrüti,SG,
196,196,,Kuert Killer Matthias,Travailsuisse,5912967,S,5912967,M,Bern,BE,
442,196,,Rossi Michele,Associazioni economiche ticinesi,5413724,S,5413724,,,,
197,197,,Zimmermann Thomas,Schweizerischer Gewerkschaftsbund,,S,,,,,
198,198,,Besio Beatrix,Persönliche Mitarbeiterin,4034403,1,4034403,F,Niederwangen b. Bern,BE,
444,198,,Gfeller Peter,Schweizer Milchproduzenten SMP,188532,S,188532,M,Kappelen,BE,
199,199,,Paltenghi Luca,Persönlicher Mitarbeiter,p27007321472,1,p27007321472,,,,
200,200,,Lauber Tamara,Persönliche Mitarbeiterin,6951145,1,6951145,F,Zürich,ZH,
447,201,,Bianchi Doris,Schweizerischer Gewerkschaftsbund,,S,,,,,
201,201,,Rodewald Raimund,Stiftung Landschaftsschutz Schweiz,728838,S,728838,M,Bern,BE,
448,202,,Fleury Mathieu,Fédération romande des consommateurs FRC,,S,,,,,
202,202,,Ruiz Rebecca,Gast,,0,,,,,
449,203,,Beglinger Caroline,Verkehrsclub der Schweiz VCS,865001,S,865001,F,Biel/Bienne,BE,
203,203,,Ulrico Kessler,Pro Natura,,S,,,,,
450,204,,Bienlein Martin,H+ die Spitäler der Schweiz,5164353,S,5164353,M,Bern,BE,Leiter Geschäftsbereich Politik H+ (http://www.hplus.ch/de/servicenav/h_verband/geschaeftsstelle/)
204,204,,Tschirky Erich,Schweizerische Gesundheitsliga-Konferenz Geliko,5397624,S,5397624,M,Zürich,ZH,
205,205,,Kaufmann Hans-Peter,Suissetec,,S,,,,,
451,205,,Müller Roland A.,Schweizerischer Arbeitgeberverband,,S,,,,,
452,206,,Imbach Konrad,Verband Hafner- und Plattengeschäfte,,S,,,,,
206,206,,Weissen Roman,KM Konsulta,,M,,,,,
208,208,,Dürr Lucius,Schweizerischer Versicherungsverband,139779,S,139779,M,Zürich,ZH,
454,208,,Mark Saxer,Furrer.Hugi und Partner / Swiss Police ICT  / SPIK,6243190,M,6243190,M,Weisslingen,ZH,
209,209,,Buser Christoph,Wirtschaftskammer Baselland,4886204,S,4886204,M,Füllinsdorf,BL,
210,210,,Nadler Anna-Lena,Jugendsession,,2,,,,,
211,211,,Mohn Sabrina,CVP Baselland,6595930,2,6595930,F,Allschwil,BL,
457,211,,Saladin Franz,Handelskammer beider Basel,5190083,S,5190083,M,Duggingen,BL,
458,212,,Corpataux José,Schweizerischer Gewerkschaftsbund,,S,,,,,
212,212,,Polito Véronique,Schweizerischer Gewerkschaftsbund,5799727,S,5799727,F,Fribourg,FR,
459,213,,Castella Christian,Fédération des Entreprises Romandes,,S,,,,,
213,213,,Spicher Georges,Verband der Schweizerischen Cementindustrie Cemsuisse,460117,S,460117,M,Schmitten FR,FR,
461,215,,Liner Marcel,Pro Natura,,S,,,,,
215,215,,Ulber Marcus,Pro Natura,p21001303348,S,p21001303348,,,,
462,216,,Oberbeck Simon,JDC Suisse,6525747,2,6525747,M,Birsfelden,BL,
216,216,,Verrey Etiennette J.,Commission fédérale pour les questions féminines,5313040,2,5313040,F,Lausen,BL,
463,217,,Niggli Peter,Alliance Sud,970677,S,970677,M,Zürich,ZH,Geschäftsleiter seit 1998: http://www.northsouth.ethz.ch/news/past_events/forum3/Peter_Niggli_CV.pdf
217,217,,Sauvain Mélanie,Entraide Suisse Handicap Agile,,S,,,,,Sekretärin AGILE seit 2009: http://www.agile.ch/news-fr&getDoc=580
218,218,,Alf Arnold,Verein Alpen-Initiative,5751781,S,5751781,M,Altdorf UR,UR,"Geschäftsführer Alpeninitiative, 
Grüne Uri, VCS Uri, etc.
http://www.gruene-uri.ch/landrat-2012-2016/alf-arnold/"
464,218,,Rey Alfred,Schweizer Paraplegiker-Vereinigung,4663719,Q,4663719,M,Sion,VS,"Leiter Public Affairs;
Gleichzeitig Bundeshauskorrespondent des Walliser Boten: http://www.fmef.ch/docs/1ollo_wb.pdf"
465,219,,Grichting Thomas J.,Groupe Mutuel,6522394,K,6522394,M,Ried-Brig,VS,"CEO Groupe Mutuel, 
Allianz Schweizerischer Krankenversicherer,
Schweizerischer Versicherungsverband"
219,219,,Miescher Alex,SPORT/SFV,6897508,R,6897508,M,Biberist,SO,"Schweizerischer Fussballverband (Generalsekretär), Kampfpilot, FDP-Politiker in Solothurn, www.alxmiescher.ch"
466,220,,Buholzer René,Credit Suisse,4931043,K,4931043,M,Stäfa,ZH,"CS: Leiter Public Affairs
ICC: Vorstand http://www.icc-switzerland.ch/de/icc-schweiz/vorstand
Young Leaders Alumni Foundation
Dr. Heinrich Wachter Stiftung"
220,220,,Kummer Matthias,Vereinigung Schweizerischer Privatbanquiers,731886,S,731886,M,Spiez,BE,"Fürsprecher und Lobbyist, Kummer Public Affairs, http://books.google.ch/books?id=pJvt2MY_e08C&pg=PA225&lpg=PA225&dq=Vereinigung+Schweizerischer+privatbanquiers+Matthias+Kummer&source=bl&ots=_ZiodvakLA&sig=b9WzTM83iW_fdVrRUqfBW5mUWjw&hl=de&sa=X&ei=MDlMUdvPGKGO7AaEwYGgAg&ved=0CDAQ6AEwAA#v=onepage&q=Vereinigung%20Schweizerischer%20privatbanquiers%20Matthias%20Kummer&f=false"
221,221,,Merkli Christoph,Pro Velo Schweiz,6879792,S,6879792,M,Zollikofen,BE,"Geschäftsführer Pro Velo Schweiz, http://www.pro-velo.ch/pro-velo/geschaeftsstelle/team/
Verein Velojournal"
467,221,,Ziltener Erika,Dachverband Schweizerischer Patientenstellen,872550,Q,872550,F,Zürich,ZH,Präsidentin des Daverbands: http://www.patientenstelle.ch/de/ueber-uns
222,222,,Perron Louis,Perron Campaigns,,M,,,,,www.perroncampaigns.ch/
470,224,,Saxenhofer Peter,Insos Schweiz,729397,S,729397,M,Spiegel b. Bern,BE,"""INSOS Schweiz"", Geschäftsführer, http://www.insos.ch/verband/geschaeftsstellen/mitarbeitende/
Ex-Geschäfsleiter VCS Schweiz, http://www.verkehrsclub.ch/de/online/medien/medienmitteilungen.html?tx_frpredakartikel_pi3_detail=7772"
224,224,,Schwarz Johannes,Persönlicher Mitarbeiter,,1,,,,,
226,226,,Graf Manuel,WWF Schweiz,,S,,,,,
472,226,,Koch Anne,Greenpeace,,S,,,,,
473,227,,Byland Karin,Persönliche Mitarbeiterin,,1,,,,,
227,227,,Chiavaroli Danielle,Persönliche Mitarbeiterin,,1,,,,,
228,228,,Lampart Daniel,"Sekretariatsleiter und Chefökonom, SGB",,S,,,,,
229,229,,Hayoz Barbara,Gast,880283,0,880283,F,Bern,BE,Ex-Gemeinderätin der Stadt Bern http://www.bernerzeitung.ch/region/bern/Barbara-Hayoz-bleibt-im-StabeVerwaltungsrat/story/18563957
475,229,,Langenegger Walter,Stadtverwaltung Bern,,2,,,,,
476,230,,Durrer Urs,Amt für Wirtschaft des Kantons Schwyz,,2,,,,,
230,230,,Henseler Pfyl Nathalie,Büro für Sprache und Politik,,M,,,,,
231,231,,Frund Vinciane,Médecins de famille Suisse,,S,,,,,
477,231,,Michaud Gigon Sophie,Pro Natura,6702969,S,6702969,F,Lausanne,VD,
232,232,,Eperon Patrick,Centre Patronal,,S,,,,,
478,232,,Schneuwly Felix,Comparis,4442814,J,4442814,M,Wünnewil,FR,
479,233,,Schaffner Ursula,Persönliche Mitarbeiterin,,1,,,,,
233,233,,Weber Busch Catherine,Schweizerischer Verband des Personals öffentlicher Dienste VPOD,,S,,,,,
480,234,,Jurendic Marinko,Gast,,0,,,,,
234,234,,Vitali-Odermatt Klara,Gast,5596910,0,5596910,F,Oberkirch LU,LU,
481,235,,Egle Franz,Dynamics Group,1190796,M,1190796,M,Luzern,LU,"Ex-VR Mitglied Andermatt Hotel Holding AG, enge Verbindung zu Sawiris (hat Deal in Andermatt eingefädelt), seine Agentur macht(e) Lobbying für EADS / Eurofighter im Kampfjet-Entscheid, weiterer Kunde der Agentur: WEF"
235,235,,Stückelberger Ueli,Verband öffentlicher Verkehr VöV,6719597,S,6719597,M,Bern,BE,
236,236,,Badertscher Christine,Persönliche Mitarbeiterin,,1,,,,,
482,236,alt,Fust Michael,Neue Europäische Bewegung Schweiz,,S,,,,,
,236,neu,Barioni Séverine,Neue Europäische Bewegung Schweiz,,,,,,,
483,237,,Flückiger Stefan,Berner Waldbesitzer BWB,,S,,,,,
237,237,,Minder Heinrich,Gast,,0,,,,,
484,238,,Montangero Stephane,Fourchette verte Suisse,,S,,,,,
238,238,,Zimmermann Michel,Persönlicher Mitarbeiter,,1,,,,,
485,239,,Schneider Urs,Persönlicher Mitarbeiter,,1,,,,,
239,239,,Walter Madeleine,Gast,p22011150457,0,p22011150457,,,,
486,240,,Linder Stefan,Swiss Economic Forum,1038098,S,1038098,M,Reichenbach im Kandertal,BE,
240,240,,Peyer Hans,Allianz der Wirtschaft für eine massvolle Präventionspolitik AWMP,p26001815016,S,p26001815016,,,,
487,241,,Thalhammer Alexandra,Gast,p28007352913,0,p28007352913,,,,
241,241,,Wasserfallen Margret,Gast,p25005302916,0,p25005302916,,,,
242,242,,Beglinger Nick,Swisscleantech,56476,M,56476,M,Zürich,ZH,http://www.handelszeitung.ch/unternehmen/nick-beglinger-suspekter-saubermann
488,242,,Kunz Stefan,Aqua Viva-Rheinaubund,p24006194100,S,p24006194100,,,,
243,243,,Petrusic Ivica,Dachverband der offenen Jugendarbeit Schweiz DOJ,6595626,Q,6595626,M,Aarau,AG,
489,243,,Sariaslan Emine,Forum für die Integration der Migrantinnen und Migranten Fimm,p22009442056,S,p22009442056,,,,
244,244,,Burgener Andreas,Auto-Schweiz,4723834,S,4723834,M,Bellach,SO,
245,245,,Meier Bernhard,SBB,5728900,H,5728900,M,Solothurn,SO,
491,245,,Tuti Giorgio,Gewerkschaft des Verkehrspersonals,4573869,S,4573869,M,Langendorf,SO,
492,246,,Stockmann Benedikt,BDP Kanton Zürich,472127,2,472127,M,Dübendorf,ZH,
246,246,,Ziörjen Maja,Gast,543205,0,543205,F,Dübendorf,ZH,
,,neu,Zijdenbos Theo,Vereinigung Schweizerischer Privatbanquiers,,S,,,,,