id,badgegeber_id,status,name,deklarierte_funktion,geschlecht,infocube_id_person,kategorie,infocube_id,person.city,person.kanton,bemerkungen
168,168,,Bollag Josef,"Institute for Security Analysis and Strategic Netwroking, Stiftung ISSN",m,363,S,363,Baden,AG,
129,129,,Hans-Rudolf Müller,AXA Versicherungen,m,18642,K,18642,Wiesendangen,ZH,
128,128,,Herbert Winter,Schweizerischer Israelitischer Gemeindebund,m,25037,S,25037,Zürich,ZH,
332,86,,Rudolf Alther,Gesellschaft Schweiz-Albanien,m,33090,S,33090,Goldach,SG,
431,185,,Ambrosetti Renzo,Gewerkschaft Unia,m,33776,S,33776,Monte Carasso,TI,
267,21,alt,Urs Amstutz,Waldwirtschaft Schweiz,m,35427,S,35427,Liestal,BL,
182,182,,Baertschi François,Persönlicher Mitarbeiter,m,45382,1,45382,Carouge GE,GE,
83,83,,Chantal Balet,Cabinet conseils FBL associés,w,46828,M,46828,Grimisuat,VS,
261,15,,Edith Baumann,Gast,w,51997,0,51997,Wassen UR,UR,Ehefrau von Isidor Baumann
242,242,,Beglinger Nick,Swisscleantech,m,56476,M,56476,Zürich,ZH,http://www.handelszeitung.ch/unternehmen/nick-beglinger-suspekter-saubermann
36,36,,Daniel Bulliard,Gast,m,98731,0,98731,Ueberstorf,FR,
106,106,,Gallus Cadonau,Schweizerische Greina-Stiftung / Solaragentur Schweiz,m,103036,S,103036,Zürich,ZH,
175,175,,Cueni Thomas,Interpharma,m,121692,M,121692,Binningen,BL,
208,208,,Dürr Lucius,Schweizerischer Versicherungsverband,m,139779,S,139779,Zürich,ZH,
303,57,,Richard Estermann,Gast,m,152168,0,152168,Kriens,LU,
143,143,alt,Hansjörg Fasnacht,Persönlicher Mitarbeiter,m,155871,1,155871,Tägerwilen,TG,
444,198,,Gfeller Peter,Schweizer Milchproduzenten SMP,m,188532,S,188532,Kappelen,BE,
120,120,,Rolf Hartl,Erdöl-Vereinigung,m,218441,S,218441,Eglisau,ZH,
301,55,,Daniel Heller,Farner Consulting,m,224973,M,224973,Erlinsbach,AG,
259,13,,Ulrich Keller,Schweizerischer Verband für Wohnungswesen,m,268223,S,268223,Zürich,ZH,
100,100,,Stefan Kilchenmann,Swisscom,m,270640,J,270640,Schliern b. Köniz,BE,https://www.xing.com/profiles/Stefan_Kilchenmann
54,54,,Albert Leiser,Hauseigentümerverband Zürich,m,297418,S,297418,Zürich,ZH,
72,72,,Christian Melly,Kanton Wallis,m,329859,2,329859,Anniviers,,
184,184,,Meyer Urs F.,Schweizer Medien,m,335092,S,335092,Solothurn,SO,
1,1,,Vincenzo Pedrazzini,FDP,m,370844,2,370844,Wollerau,SZ,
80,80,,Kurt Rohrbach,Verband Schweizerischer Elektrizitätsunternehmen,m,404341,S,404341,Büren an der Aare,BE,
248,2,,Werner Salzmann,SVP Bern,m,418186,2,418186,Mülchi,BE,Mitglied im Zentralvorstand der SVP Schweiz
288,42,,Laurent Seydoux,GLP,m,451881,2,451881,Plan-les-Ouates,GE,
213,213,,Spicher Georges,Verband der Schweizerischen Cementindustrie Cemsuisse,m,460117,S,460117,Schmitten FR,FR,
492,246,,Stockmann Benedikt,BDP Kanton Zürich,m,472127,2,472127,Dübendorf,ZH,
179,179,,Studerus Konrad,"Studerus und Partner, Zug",m,477648,M,477648,Menzingen,ZG,
366,120,,Valentin Vogt,Schweizerischer Arbeitgeberverband,m,505270,S,505270,Hombrechtikon,ZH,
114,114,,Urs Wellauer,Schweizerischer Bäcker-Confiseurmeister-Verband,m,520100,S,520100,Bern,BE,
195,195,,Widmer Andreas,St. Galler Bauernverband,m,524178,S,524178,Mühlrüti,SG,
101,101,,Kurt Wilhelm,Sanitas Krankenversicherung,m,527127,K,527127,Aarau,AG,
423,177,alt,Willener Walter,Association suisse pour un secteur agroalimentaire fort,m,527355,S,527355,Auvernier,NE,
390,144,,Rudolf Wyder,Auslandschweizer Organisation,m,534408,S,534408,Bern,BE,
246,246,,Ziörjen Maja,Gast,w,543205,0,543205,Dübendorf,ZH,
176,176,,Zürcher Montali Ines,Persönliche Mitarbeiterin,w,625628,1,625628,Breganzona,TI,
53,53,,Ruedi Leder,Gast,m,628575,0,628575,Baden,AG,
42,42,,Arthur Wellinger,Biomasse Suisse,m,647183,S,647183,Guntershausen b. Aadorf,TG,
294,48,,Markus Meier,Hauseigentümerverband Baselland,m,651505,S,651505,Ormalingen,BL,
105,105,,Christine Davatz-Höchner,Schweizerischer Gewerbeverband SGV,w,669335,S,669335,Messen,SO,
380,134,,Urs Glutz,Swisspower,m,681493,K,681493,Brugg AG,AG,
406,160,,Oscar J. Schwenk,Pilatus Aircraft,m,702264,H,702264,Mauensee,LU,
374,128,,Peter Kyburz,KV Schweiz,m,713874,P,713874,Winterthur,ZH,
283,37,,Alfred Squaratti,Union Suisse des Sociétés d'Ingénieurs Conseils Usic,m,727481,M,727481,Sion,VS,
201,201,,Rodewald Raimund,Stiftung Landschaftsschutz Schweiz,m,728838,S,728838,Bern,BE,
470,224,,Saxenhofer Peter,Insos Schweiz,m,729397,S,729397,Spiegel b. Bern,BE,"""INSOS Schweiz"", Geschäftsführer, http://www.insos.ch/verband/geschaeftsstellen/mitarbeitende/
Ex-Geschäfsleiter VCS Schweiz, http://www.verkehrsclub.ch/de/online/medien/medienmitteilungen.html?tx_frpredakartikel_pi3_detail=7772"
220,220,,Kummer Matthias,Vereinigung Schweizerischer Privatbanquiers,m,731886,S,731886,Spiez,BE,"Fürsprecher und Lobbyist, Kummer Public Affairs, http://books.google.ch/books?id=pJvt2MY_e08C&pg=PA225&lpg=PA225&dq=Vereinigung+Schweizerischer+privatbanquiers+Matthias+Kummer&source=bl&ots=_ZiodvakLA&sig=b9WzTM83iW_fdVrRUqfBW5mUWjw&hl=de&sa=X&ei=MDlMUdvPGKGO7AaEwYGgAg&ved=0CDAQ6AEwAA#v=onepage&q=Vereinigung%20Schweizerischer%20privatbanquiers%20Matthias%20Kummer&f=false"
16,16,,Martin Zenhäusern,Zenhäusern und Partner,m,736914,M,736914,Jona,SG,"Ex-Coach von Ruth Metzler und Joseph Deiss, Ex-Pressesprecher CVP Wallis"
69,69,,Hansruedi Streiff,Holzindustrie Schweiz,m,765735,S,765735,Bern,BE,
386,140,,Claudia Bolla-Vincenz,Swisscable,w,791471,S,791471,Vallamand,VD,
193,193,,Schwitter Stephan,Wohnbaugenossenschaft Schweiz,m,816649,L,816649,Horgen,ZH,
186,186,,Karch Herbert,Agrarallianz / Kleinbauern-Vereinigung VKMB,m,848993,S,848993,Wattenwil,BE,
24,24,,Hans-Ulrich Bigler,Schweizerischer Gewerbeverband SVG,m,850929,S,850929,Affoltern am Albis,ZH,Und: Vorstand HEV Kanton Zürich
370,124,,Daniel Wiener,Persönlicher Mitarbeiter,m,853105,1,853105,Basel,BS,
255,9,,René Rall,Schweizerischer Anwaltsverband,m,853602,S,853602,Bern,BE,Generalsektretär Sschweizerischer Anwaltsverband
314,68,,Peter Schuhmacher,Geo Consulting Group,m,858208,M,858208,Wettingen,AG,
349,103,,Armin Menzi,Persönlicher Mitarbeiter,m,864193,1,864193,Frauenfeld,TG,
449,203,,Beglinger Caroline,Verkehrsclub der Schweiz VCS,w,865001,S,865001,Biel/Bienne,BE,
331,85,,Michael Gehrken,Schweizerischer Nutzfahrzeugverband Astag,m,869641,S,869641,Belp,BE,
467,221,,Ziltener Erika,Dachverband Schweizerischer Patientenstellen,w,872550,Q,872550,Zürich,ZH,Präsidentin des Daverbands: http://www.patientenstelle.ch/de/ueber-uns
426,180,,Gfeller Kurt,Schweizerischer Gewerbeverband,m,880278,S,880278,Lyss,BE,
229,229,,Hayoz Barbara,Gast,w,880283,0,880283,Bern,BE,Ex-Gemeinderätin der Stadt Bern http://www.bernerzeitung.ch/region/bern/Barbara-Hayoz-bleibt-im-StabeVerwaltungsrat/story/18563957
347,101,,Urs Brogli,FDP Gesundheitskommission,m,888313,2,888313,Zürich,ZH,"Leiter Kommunikation & Public Affairs von The Swiss Leading Hospitals: http://www.slh.ch/de/aktuelles/meldungen/neuer-leiter-kommunikation.php, Leiter der Unternehmenskommunikation bei
 der Privatklinikgruppe Hirslanden, Präsident der 
gesundheitspolitischen Kommission des Dachverbandes der Privatkliniken 
Schweiz (PKS):http://www.bilanz.ch/unternehmen/urs-brogli-ueber-reformen-im-gesundheitswesen-auf-der-intensivstation"
149,149,,Monika Maire-Hefti,Gast,w,906925,0,906925,Les Ponts-de-Martel,NE,
344,98,,Christian Köpe,Galencia,m,926284,M,926284,Zürich,ZH,
441,195,,Josef Dissler,Schweizerischer Bauernverband,m,944515,S,944515,Wolhusen,LU,
463,217,,Niggli Peter,Alliance Sud,m,970677,S,970677,Zürich,ZH,Geschäftsleiter seit 1998: http://www.northsouth.ethz.ch/news/past_events/forum3/Peter_Niggli_CV.pdf
157,157,,Thomas Pletscher,Economiesuisse,m,975318,S,975318,Fällanden,ZH,
183,183,,Maurer Thomas C.,Maurer Partner Communications,m,975543,M,975543,Bern,BE,
75,75,,Kuno Hämisegger,Schweizerische Bankiervereinigung,m,1008819,S,1008819,Oberwil BL,BL,
137,137,,Paul Aenishänslin,PAE-PAC Public Affairs & Communications,m,1014565,M,1014565,Gelterkinden,BL,
177,177,alt,Hofmann Max,Fédération Suisse des Fonctionnaires de Police,m,1020194,S,1020194,Colombier NE,NE,
385,139,,Maxwell Sigurd,Alprail,m,1022882,S,1022882,Thônex,GE,
10,10,,Max Nötzli,Auto-Schweiz,m,1030082,S,1030082,Muri b. Bern,BE,
275,29,,Fritz Glauser,Schweizer Bauernverband,m,1035028,S,1035028,Châtonnaye,FR,
486,240,,Linder Stefan,Swiss Economic Forum,m,1038098,S,1038098,Reichenbach im Kandertal,BE,
84,84,,Renate Hotz,Hotz Communications,w,1046083,M,1046083,Stettlen,BE,
56,56,,Fadri Ramming,Regierungskonferenz der Gebirgskantone RKGK,m,1049448,2,1049448,Chur,GR,
262,16,,Nathalie Gysi,Green Cross Schweiz,w,1058766,S,1058766,Zürich,ZH,
372,126,,Marcel Durst,Geschäftsführer Association Spitex Privée Suisse ASPS,m,1065079,S,1065079,Avenches,VD,
138,138,,Marcel Sennhauser,Scienceindustries,m,1067385,S,1067385,Arni AG,AG,
29,29,,Francis Egger,Union Suisse des Paysans,m,1073293,S,1073293,Onnens FR,FR,
388,142,,Alain Carrupt,Syndicom,m,1144647,S,1144647,Belfaux,FR,
481,235,,Egle Franz,Dynamics Group,m,1190796,M,1190796,Luzern,LU,"Ex-VR Mitglied Andermatt Hotel Holding AG, enge Verbindung zu Sawiris (hat Deal in Andermatt eingefädelt), seine Agentur macht(e) Lobbying für EADS / Eurofighter im Kampfjet-Entscheid, weiterer Kunde der Agentur: WEF"
300,54,,Ansgar Gmür,Hauseigentümerverband Schweiz,m,1192206,S,1192206,Affoltern am Albis,ZH,
418,172,,Stefan Batzli,Agentur für Erneuerbare Energien und Energieeffizienz,m,4010952,S,4010952,Solothurn,SO,
198,198,,Besio Beatrix,Persönliche Mitarbeiterin,w,4034403,1,4034403,Niederwangen b. Bern,BE,
45,45,,Felix Wirz,Ecopolitics,m,4045146,M,4045146,Bern,BE,
136,136,,Susanne Brunner,Economiesuisse,w,4088504,S,4088504,Zürich,ZH,
414,168,,Studer Marc,Le Lobby des Citoyens,m,4127563,S,4127563,Genève,GE,
424,178,,Enggasser Josiane,Schweizer Obstverband,w,4178254,S,4178254,Emmen,LU,
326,80,,Roger de Weck,SRG SSR,m,4243104,J,4243104,Zürich,ZH,
139,139,,Bruno Weber-Gobet,Travailsuisse,m,4302631,S,4302631,Schmitten FR,FR,
150,150,,Thierry Burkart,Touring Club Suisse TCS,m,4308851,S,4308851,Baden,AG,
289,43,,Jean-Marc Widmer,Fédération Suisse Fonctionnaires de Police,m,4377053,S,4377053,Meyrin,GE,
478,232,,Schneuwly Felix,Comparis,m,4442814,J,4442814,Wünnewil,FR,
71,71,,Priska Föhn,Gast,w,4444336,0,4444336,Muotathal,SZ,
15,15,,Emil Kälin,Pesönlicher Mitarbeiter,m,4465470,1,4465470,Altdorf UR,UR,Generalsekretär Volkswirtschaftsdirektion Uri
50,50,,Ronny Kaufmann,Die Schweizerische Post,m,4504015,H,4504015,Zürich,ZH,
417,171,,Andreas Hugi,Furrer.Hugi und Partner,m,4513204,M,4513204,Zumikon,ZH,
48,48,,Dieter Kläy,Schweizerischer Gewerbeverband SGV,m,4562781,S,4562781,Winterthur,ZH,
491,245,,Tuti Giorgio,Gewerkschaft des Verkehrspersonals,m,4573869,S,4573869,Langendorf,SO,
11,11,,Martin Flügel,Travailsuisse,m,4589513,S,4589513,Bern,BE,
464,218,,Rey Alfred,Schweizer Paraplegiker-Vereinigung,m,4663719,Q,4663719,Sion,VS,"Leiter Public Affairs;
Gleichzeitig Bundeshauskorrespondent des Walliser Boten: http://www.fmef.ch/docs/1ollo_wb.pdf"
55,55,,Marie-Louise Baumann,MLB Communications,w,4689222,M,4689222,Zürich,ZH,
408,162,,Monika Sommer,Hauseigentümerverband Schweiz,w,4692736,S,4692736,Dübendorf,ZH,
244,244,,Burgener Andreas,Auto-Schweiz,m,4723834,S,4723834,Bellach,SO,
361,115,,Pierre Maudet,Commission fédérale pour l'enfance et la jeunesse,m,4757083,2,4757083,Genève,GE,
329,83,,Martin Schläpfer,Migros-Genossenschafs-Bund,m,4860527,G,4860527,Stettlen,BE,
27,27,,Erich Herren,Persönlicher Mitarbeiter,m,4867051,1,4867051,Gerlafingen,SO,
209,209,,Buser Christoph,Wirtschaftskammer Baselland,m,4886204,S,4886204,Füllinsdorf,BL,
94,94,,Walter Stüdeli,Geschäftsführung Verbände,m,4909799,S,4909799,Bern,BE,
466,220,,Buholzer René,Credit Suisse,m,4931043,K,4931043,Stäfa,ZH,"CS: Leiter Public Affairs
ICC: Vorstand http://www.icc-switzerland.ch/de/icc-schweiz/vorstand
Young Leaders Alumni Foundation
Dr. Heinrich Wachter Stiftung"
2,2,,Donat Schneider,Landwirtschaftliche Organisation Bern und der angrenzenden Gebiete Lobag,m,4937033,S,4937033,Diessbach b. Büren,BE,
389,143,neue Funktionsbezeichnung,Gabi Badertscher,YJOO Communications,w,4957570,M,4957570,Uttwil,TG,
74,74,,Joël A. Thüring,Persönlicher Mitarbeiter,m,5089791,1,5089791,Basel,BS,
171,171,,Furrer Lorenz,Furrer.Hugi und Partner,m,5105362,M,5105362,Muri b. Bern,BE,
97,97,,In-Albon Hans-Peter,Verband Schweizerischer Elektro-Installationsfirmen VSEI,m,5131473,S,5131473,Waldkirch,SG,
14,14,,Lionel Ricou,Curaviva / Cabinet privé de conseils,m,5135121,Q,5135121,Genève,GE,Public-Affairs-Spezialist
450,204,,Bienlein Martin,H+ die Spitäler der Schweiz,m,5164353,S,5164353,Bern,BE,Leiter Geschäftsbereich Politik H+ (http://www.hplus.ch/de/servicenav/h_verband/geschaeftsstelle/)
457,211,,Saladin Franz,Handelskammer beider Basel,m,5190083,S,5190083,Duggingen,BL,
140,140,,Dominique Reber,Hirzel.Neef.Schmid Konsulenten,m,5285695,M,5285695,Worb,BE,
216,216,,Verrey Etiennette J.,Commission fédérale pour les questions féminines,w,5313040,2,5313040,Lausen,BL,
8,8,,Raphaël Tschanz,UBS,m,5315606,K,5315606,Zürich,ZH,
204,204,,Tschirky Erich,Schweizerische Gesundheitsliga-Konferenz Geliko,m,5397624,S,5397624,Zürich,ZH,
82,82,,Rudolf Horber,Schweizerischer Gewerbeverband SGV,m,5398217,S,5398217,Niederscherli,BE,
442,196,,Rossi Michele,Associazioni economiche ticinesi,m,5413724,S,5413724,,,
13,13,,Regula Mühlebach,Schweizerischer Mieterinnen- und Mieterverband Deutschschweiz SMV / D,w,5414310,S,5414310,Zürich,ZH,
92,92,,Wyss Gräber Andrea,Gast,w,5446271,0,5446271,Kriens,LU,
77,77,,Reto Wiesli,Médecins de famille suisse,m,5454878,S,5454878,Fribourg,FR,
66,66,,Ernesto Engel,Kunststoff Verband Schweiz,m,5472975,S,5472975,Grüt (Gossau ZH),ZH,
148,148,,Yves Weidmann,Schweizerische Bankiervereinigung SBVG,m,5500705,S,5500705,Burgdorf,BE,
317,71,,Marco Föhn,Gast,m,5530653,0,5530653,Muotathal,SZ,
392,146,,Martin Muerner,Radio Berner Oberland,m,5546035,J,5546035,Oberhofen am Thunersee,BE,
394,148,,Christian Zeyer,Swisscleantech,m,5579517,M,5579517,Ostermundigen,BE,
19,19,,Stefan Vannoni,Economiesuisse,m,5591444,S,5591444,Basel,BS,Stv. Leiter allgemeine Wirtschaftspolitik & Bildung bei Economiesuisse
234,234,,Vitali-Odermatt Klara,Gast,w,5596910,0,5596910,Oberkirch LU,LU,
162,162,,Rudolf Zumbühl,Touring Club Suisse TCS,m,5612965,S,5612965,Villars-sur-Glâne,FR,
145,145,,Raymond Loretan,Gast,m,5617064,0,5617064,Genève,GE,Beweis: http://www.srgd.ch/index.php?id=1319
26,26,,David Stickelberger,Swissolar,m,5646523,M,5646523,Zürich,ZH,
124,124,,Mirjam Ballmer,Pro Natura,w,5654519,S,5654519,Basel,BS,Projektleiterin für Naturschutzpolitik bei Pro Natura
111,111,,Bettina Ramseier Rey,Curaviva,w,5686206,Q,5686206,Icogne,VS,
22,22,,Sara Stalder,Siftung für Konsumentenschutz,w,5701234,S,5701234,Sumiswald,BE,
9,9,,Stefan Wyer,Pesönlicher Mitarbeiter,m,5716363,1,5716363,Spiez,BE,"Kommunikations- und Public-Affairs-Berater, ehemaliger persönlicher Mitarbeiter von Bundesrätin Ruth Metzler-Arnold"
166,166,,Patrick Hadi Huber,Persönlicher Mitarbeiter,m,5725885,1,5725885,Zürich,ZH,
245,245,,Meier Bernhard,SBB,m,5728900,H,5728900,Solothurn,SO,
218,218,,Alf Arnold,Verein Alpen-Initiative,m,5751781,S,5751781,Altdorf UR,UR,"Geschäftsführer Alpeninitiative, 
Grüne Uri, VCS Uri, etc.
http://www.gruene-uri.ch/landrat-2012-2016/alf-arnold/"
112,112,,Bruno Henggi,Interpharma Basel,m,5754911,M,5754911,Riehen,BS,
90,90,,Marcel Kreber,Schweizer Brauerei-Verband,m,5767738,S,5767738,Niederwil AG,AG,
116,116,,Beat Meiner,Schweizerische Flüchtlingshilfe,m,5770043,Q,5770043,Bern,BE,
107,107,,Martin Rufer,Schweizerischer Bauernverband,m,5774114,S,5774114,Solothurn,SO,
212,212,,Polito Véronique,Schweizerischer Gewerkschaftsbund,w,5799727,S,5799727,Fribourg,FR,
35,35,,Martin Kuonen,Centre Patronal,m,5809264,S,5809264,Worb,BE,
58,58,,Helen Fässler-Eiermann,Gast,w,5818623,0,5818623,Appenzell,AI,
30,30,,Rudolf Minsch,Economiesuisse,m,5881302,S,5881302,Tamins,GR,
196,196,,Kuert Killer Matthias,Travailsuisse,m,5912967,S,5912967,Bern,BE,
341,95,,Giovanni Giunta,Futuro PMI / Relève PME / KMUnext,m,6238466,S,6238466,Montreux,VD,
454,208,,Mark Saxer,Furrer.Hugi und Partner / Swiss Police ICT  / SPIK,m,6243190,M,6243190,Weisslingen,ZH,
144,144,,Maria Luisa Bernini Burkhard,Swiss Communication Agency,w,6311215,M,6311215,Ascona,TI,
87,87,,Patrick Hofstetter,WWF Schweiz,m,6328680,S,6328680,Zürich,ZH,
256,10,,Roger Schnegg,Swiss Olympic,m,6328894,R,6328894,Münchenbuchsee,BE,
398,152,,Andreas Schefer,SRG Deutschschweiz,m,6348926,J,6348926,Bern,BE,
185,185,,Werder Christina,Schweizerischer Gewerkschaftsbund,w,6446441,S,6446441,Zürich,ZH,
305,59,,Guido Fürer,Bureau de prévention des accidents BPA,m,6465912,S,6465912,Sempach,LU,
465,219,,Grichting Thomas J.,Groupe Mutuel,m,6522394,K,6522394,Ried-Brig,VS,"CEO Groupe Mutuel, 
Allianz Schweizerischer Krankenversicherer,
Schweizerischer Versicherungsverband"
462,216,,Oberbeck Simon,JDC Suisse,m,6525747,2,6525747,Birsfelden,BL,
315,69,,Henrique Schneider,Schweizerischer Gewerbeverband SGV,m,6527757,S,6527757,Appenzell,AI,
147,147,,Judith Fischer,Suva,w,6549004,K,6549004,Cham,ZG,
172,172,,Nussbaumer Michael,Persönlicher Mitarbeiter,m,6562803,1,6562803,Basel,BS,Familienmitglied
243,243,,Petrusic Ivica,Dachverband der offenen Jugendarbeit Schweiz DOJ,m,6595626,Q,6595626,Aarau,AG,
211,211,,Mohn Sabrina,CVP Baselland,w,6595930,2,6595930,Allschwil,BL,
28,28,,Urs Martin,Privatklinken Schweiz,m,6595970,S,6595970,Romanshorn,TG,
109,109,,Raphaël Ciocchi,Persönlicher Mitarbeiter,m,6607224,1,6607224,Vicques,JU,
397,151,,Mohamed Hamdaoui,Syndicom,m,6657780,S,6657780,Biel/Bienne,BE,
46,46,,Bettina Mutter,Dynamics Group,w,6701264,M,6701264,Zürich,ZH,cf. Franz Egle / Dynamics Group AG
477,231,,Michaud Gigon Sophie,Pro Natura,w,6702969,S,6702969,Lausanne,VD,
235,235,,Stückelberger Ueli,Verband öffentlicher Verkehr VöV,m,6719597,S,6719597,Bern,BE,
313,67,,Michèle Graber,Persönliche Mitarbeiterin,w,6749204,1,6749204,Udligenswil,LU,
98,98,,Klaus Künzli,Gastrosuisse,m,6804000,S,6804000,Ittigen,BE,
108,108,,Martin Pidoux,Schweizerischer Bauernverband,m,6815095,S,6815095,Fribourg,FR,
221,221,,Merkli Christoph,Pro Velo Schweiz,m,6879792,S,6879792,Zollikofen,BE,"Geschäftsführer Pro Velo Schweiz, http://www.pro-velo.ch/pro-velo/geschaeftsstelle/team/
Verein Velojournal"
25,25,,Blocher Silvia,Gast,w,6895995,0,6895995,Herrliberg,ZH,Ehefrau
219,219,,Miescher Alex,SPORT/SFV,m,6897508,R,6897508,Biberist,SO,"Schweizerischer Fussballverband (Generalsekretär), Kampfpilot, FDP-Politiker in Solothurn, www.alxmiescher.ch"
132,132,,Kalim Ghulam,Powercondens,m,6942944,G,6942944,Chur,GR,
200,200,,Lauber Tamara,Persönliche Mitarbeiterin,w,6951145,1,6951145,Zürich,ZH,
189,189,,Reimann Hans Peter,Gast,m,6970879,0,6970879,Wallbach,AG,
47,47,,Sarkis Shahinian,Parlamentarische Gruppe Schweiz-Armenien,m,7038795,2,7038795,Schmitten FR,FR,
295,49,,Arnaud Schaller,Alliance des Assureurs Maladie Suisses AAMS,m,7092939,S,7092939,Bern,BE,
3,3,,Etienne Bütikofer,Berufsverband Bildung,m,p20003213451,S,p20003213451,,,"Kursleiter, Bildungs-Berater, Bildungs-Lobbyist"
215,215,,Ulber Marcus,Pro Natura,m,p21001303348,S,p21001303348,,,
5,5,,Alex Fischer,WWF Schweiz,m,p21005293744,S,p21005293744,,,"Dozent an der Central European University, Budapest"
188,188,,Simonet Denis,Piratenpartei,m,p21008036913,2,p21008036913,,,
17,17,,Natacha Berberat,Gast,w,p22005158400,0,p22005158400,,,Ehefrau
126,126,,Aliki Panayides,Persönliche Mitarbeiterin,w,p22005361383,1,p22005361383,,,
489,243,,Sariaslan Emine,Forum für die Integration der Migrantinnen und Migranten Fimm,w,p22009442056,S,p22009442056,,,
191,191,alt,Suter Bertil,Gast,m,p22010017274,0,p22010017274,,,
239,239,,Walter Madeleine,Gast,w,p22011150457,0,p22011150457,,,
488,242,,Kunz Stefan,Aqua Viva-Rheinaubund,m,p24006194100,S,p24006194100,,,
160,160,,Helene Müller-Bühler,Gast,w,p25000897613,0,p25000897613,,,
181,181,,Björk Michaela,Persönliche Mitarbeiterin,w,p25004801411,1,p25004801411,,,
241,241,,Wasserfallen Margret,Gast,w,p25005302916,0,p25005302916,,,
142,142,,Luca Cirigliano,Schweizerischer Gewerkschaftsverbund,m,p25015040091,S,p25015040091,,,
173,173,,Tettamanti Elvio,Gast,m,p26001067974,0,p26001067974,,,Familienmitglied
240,240,,Peyer Hans,Allianz der Wirtschaft für eine massvolle Präventionspolitik AWMP,m,p26001815016,S,p26001815016,,,
119,119,,Cornelia Stamm Hurter,Gast,w,p26002615664,0,p26002615664,,,
318,72,,Xavier Bertelletto,Kanton Wallis,m,p27003254264,2,p27003254264,,,
199,199,,Paltenghi Luca,Persönlicher Mitarbeiter,m,p27007321472,1,p27007321472,,,
178,178,,Mühlethaler Jan,Schweizer Aussenwirtschaftsförderung Osec,m,p28002992189,S,p28002992189,,,
487,241,,Thalhammer Alexandra,Gast,w,p28007352913,0,p28007352913,,,
154,154,,Babette Sigg Frank,CVP Frauen Schweiz,w,p29001217247,2,p29001217247,,,
412,166,,Marc Herkenrath,Alliance Sud,m,p29002609056,S,p29002609056,,,
257,11,alt,Susanne Blank,Travailsuisse,w,,S,,,,"Cheredaktorin ""Die Volkswirtschaft"", Staatssekretariat für Wirtschaft Seco"
,57,alt,Werni Birrer,Gast,m,,0,,,,
61,61,alt,Peter Graf,Persönlicher Mitarbeiter,m,,1,,,,
436,190,alt,Grob Annina,Union des Etudiants de Suisse,w,,S,,,,
437,191,alt,Cornu Pierre,Persönlicher Mitarbeiter,m,,1,,,,
482,236,alt,Fust Michael,Neue Europäische Bewegung Schweiz,m,,S,,,,
,5,neu,Gebhard Marc,Gast,m,,,,,,
,11,neu,Fischer Gabriel,Travailsuisse,m,,,,,,
,21,neu,Brunner Markus,Waldwirtschaft Schweiz,m,,,,,,
,30,neu,Egger Beda,Persönlicher Mitarbeiter,m,,1,,,,
,47,neu,Gisi Barbara,Schweizer Tourismus-Verband STV,w,,S,,,,
,57,neu,With Peter,Gast,m,,0,,,,
,66,neu,Seiler Daniel,Aids-Hilfe Schweiz,m,,,,,,
,249,neu,Zijdenbos Theo,Vereinigung Schweizerischer Privatbanquiers,m,,,,,,
,181,neu,Schweri Kim Lara,Réseau OSEO / Netzwerk SAH,w,,S,,,,
,190,neu,Hugentobler Manuela Annette,Union des Etudiants de Suisse UNES,w,,S,,,,
,236,neu,Barioni Séverine,Neue Europäische Bewegung Schweiz,w,,,,,,
88,88,neue Funktionsbezeichnung,Jonas Glanzmann,Persönlicher Mitarbeiter ,m,,1,,,,
102,102,neue Funktionsbezeichnung,Stefan Jakob,Ecopolitics,m,,S,,,,
402,156,neue Funktionsbezeichnung,Johan Rochel,Persönlicher Mitarbeiter / Représentant de foraus,m,,1,,,,
249,3,,Markus Meyer,Präsident Schweizerisches Kompetenzzentrum Fischerei SKF,m,,S,,,,"Präsident Bernisch Kantonaler Fischerei-Verband, Rechtsanwalt bei Bracher & Partner, Spezialist für Wirtschafts-, Verwaltungs- und Baurecht, über öffentliche Suchmaske zu wenig eindeutig. Privatadresse: Eisenbahnstrasse 11, 4901 Langenthal"
6,6,,Kind Andrea,Gast,w,,0,,,,"Musikerin (Konzerthackbrett),
Klangschalen-Masseurin und -therapeutin"
253,7,,Dore Heim,Schweizerischer Gewerkschaftsbund,w,,S,,,,Geschftäftsführende Sekretärin des Schweizerischen Gewerkschaftsbundes (SGB)
7,7,,Simon Affolter,Etat de Vaud,m,,2,,,,Delegierter des Kantons Waadt für interkantonale und europäische Angelegenheiten
263,17,,Florence Meyer,Ville de La Chaux-de-Fonds,w,,2,,,,Verantwortliche für Aussenangelegenheiten bei der Stadt La Chaux-de-Fonds
18,18,,Alain Bovard,"Amnesty International, Section Suisse",m,,S,,,,
264,18,,Daniel Roth,Gast,m,,0,,,,Ehemann
266,20,,Aeppli Alfred,Gast,m,,0,,,,"Der ""Bundeshaus-Seelsorger""; arbeitet bei den Besinnungen im Bundeshaus mit. Präsident des Landeskirchen-Forums."
20,20,,Matthias Dietrich,Informationsdienst für den öffentlichen Verkehr Litra,m,,S,,,,Geschäftsführer. War früher in der PR-Abteilung der SBB.
21,21,,Hans Koller,Strasseschweiz,m,,S,,,,
23,23,,Marco Taddei,Schweizerischer Verband freier Berufe,m,,S,,,,Generalsekretär
271,25,,von Rohr Chris,Gast,m,,0,,,,
272,26,,Gaston Wolf,Konferenz Hochschuldozierende Schweiz,m,,S,,,,
273,27,,Hüssy Hans-Rudolf,Persönlicher Mitarbeiter,m,,1,,,,Ex-Präsident der Offiziere der Luftwaffe (Avia)
274,28,,Roswitha Brunner,Aktion Medienfreiheit,w,,S,,,,
31,31,,Rohner Petra,Persönliche Mitarbeiterin,w,,1,,,,
278,32,,Thomas Bähler,"Verband Stahl-, Metall- und Papier-Recycling Schweiz VSMR",m,,S,,,,"Geschäftsführer von Wirtschaftsverbänden im Mandatsverhältnis (Stahl-, Metall und Papier-Recycling; Entsorgung von elektronischen und elektrischen Altgeräten; Blumenimport und -grosshandel, Tabakwarenhandel, Kartenverlage)"
32,32,,Uebersax Judith,SVP Frauen Schweiz,w,,2,,,,
34,34,,Beat Christen,Persönlicher Mitarbeiter,m,,1,,,,"http://newsnetz-blog.ch/hugostamm/blog/2012/05/03/stosstrupp-gottes-in-den-wandelhallen/comment-page-4/#comments 

http://www.vbg.net/die-vbg/wer-wir-sind/mitarbeitende.html"
280,34,,Thomas Ruckstuhl,Persönlicher Mitarbeiter,m,,1,,,,
281,35,,Jean-Claude Chabloz,Gast,m,,0,,,,
282,36,,Xavier Pilloud,Persönlicher Mitarbeiter,m,,1,,,,
37,37,,Brigitte Pitteloud,Etat du Valais,w,,2,,,,
38,38,,Martin Fröhlich,Persönlicher Mitarbeiter,m,,1,,,,
285,39,,Jean-Félix Savary,Groupement Romand d'Etudes des Addictions Grea,m,,S,,,,
39,39,,Töngi Michael,Schweizerische Mieterinnen- und Mieterverband,m,,S,,,,
41,41,,Sara Guerra,"Stagiaire, Kanton Tessin",w,,2,,,,
43,43,,Sandra-Anna Göbelbecker,Persönliche Mitarbeiterin,w,,1,,,,
291,45,,Buschbeck Mathias,Persönlicher Mitarbeiter,m,,1,,,,
292,46,,Timotheos Frey,Burson-Marsteller,m,,M,,,,
49,49,,Christina Gaggini,Economiesuisse,w,,S,,,,
298,52,,Jürg Schlup,Verbindung der Schweizer Ärztinnen und Ärzte FMH,m,,S,,,,
52,52,,Rita Eder-Bachmann,Gast,w,,0,,,,
299,53,,Konrad Hanspeter,Schweizerischer Pensionskassenverband Asip,m,,K,,,,
302,56,,Thomas Egger,Schweizerische Arbeitsgemeinschaft für das Berggebiet Sab,m,,S,,,,
59,59,,Chantal Aeby Pürro,Fédération suisse des vignerons FSV,w,,S,,,,
306,60,,Bruno Stegmann,Gast,m,,0,,,,
60,60,,Hans Kuno Schweiger,Gast,m,,0,,,,
308,62,,Andrea Arezina,Persönliche Mitarbeiterin,w,,1,,,,
62,62,,Miriam Wetter,Persönliche Mitarbeiterin,w,,1,,,,
310,64,,Conradin Nils Münger,Verein Kinderlobby,m,,S,,,,
64,64,,Roland Seiler,Schweizerischer Fischerei-Verband SFV,m,,S,,,,
65,65,,Sybille Oetliker,Schweizerischer Städteverband SSV,w,,S,,,,Wissenschaftliche Mitarbeiterin Schweizerischer Städteverband (http://staedteverband.ch/de/Info/Stadteverband/Geschaftsstelle)
67,67,,Ingrid Hess,Umweltallianz,w,,S,,,,
68,68,,Hans-Georg Bächtold,Schweizerischer Ingenieur- und Architekten-Verein,m,,S,,,,
70,70,,Cahannes Dagobert,Kanton Solothurn,m,,2,,,,
316,70,,Michael Schmid,Verband der Schweizerischen Gasindustrie VSG,m,,S,,,,
319,73,,Kristensen Philip Holmgaard,Centre Patronal (Mandat Aerosuisse und Parl. Gruppe Luft- und Raumfahrt),m,,S,,,,
73,73,,Paul-André Simon,Persönlicher Mitarbeiter,m,,1,,,,
320,74,,Jean-Christophe Britt,"Public Affairs, Novartis International",m,,M,,,,Mediensprecher Novartis International AG
76,76,,Antoine Carraux,Union Démocratique du Centre du Valais romand,m,,2,,,,
322,76,,Jérome Desmeules,Union Démocratique du Centre du Valais romand,m,,2,,,,
78,78,,Jürg Wittwer,Hausverein Schweiz,m,,S,,,,
81,81,,Christoph Dietler,Pluswert,m,,M,,,,
328,82,,Beat Spahni,Thinkart Consulting,m,,M,,,,
85,85,,Hans-Ulrich Hunziker,Swiss Association Value Added Services Savass,m,,S,,,,
86,86,,Barbara Küttel,Kleinbauern-Vereinigung VKMB,w,,S,,,,
333,87,,Barmettler Franziska,Swisscleantech,w,,M,,,,
334,88,,Guido Graf,Kanton Luzern,m,,2,,,,http://www.lu.ch/gesundheit_soziales = http://infocube.ch/de/p/198658/graf-guido ???
335,89,,Moreno Casasola,Solidarité sans frontières,m,,S,,,,
89,89,,Nicole Werner,Alliance Sud,w,,S,,,,
336,90,,Hannes Jaisli,Gastrosuisse,m,,S,,,,
339,93,,Christina Goethe,Swissaid,w,,Q,,,,
93,93,,Markus Allemann,Greenpeace Schweiz,m,,S,,,,
340,94,,Harry Graf,Gast,m,,0,,,,
95,95,,Kurt Howald,Gast,m,,0,,,,
342,96,,Adrian Schmid,Schweizerischer Heimatschutz,m,,S,,,,
96,96,,Jürgen Schulz,Persönlicher Mitarbeiter,m,,1,,,,
99,99,,Marie-Jo Girardin,Persönliche Mitarbeiterin,w,,1,,,,
345,99,,Michel Darbellay,Chambre jurassienne d'agriculture,m,,S,,,,
346,100,,Thomas Zwald,Verband Schweizer Elektrizitätsunternehmen VSE,m,,S,,,,
348,102,,Yvonne Ribi,Schweizerischer Berufsverband der Pflegefachfrauen und Pflegefachmänner SBK-ASI,w,,S,,,,
103,103,,Dieter Meile,Persönlicher Mitarbeiter,m,,1,,,,
350,104,,Annette Walder,Gast,w,,0,,,,
104,104,,Daniela Lehmann,Gewerkschaft des Verkehrspersonals Sev,w,,S,,,,
351,105,,Peter Stähli,Kleine und mittlere Unternehmen (KMU),m,,S,,,,
352,106,,Peter Schmid,Wohnbaugenossenschaft Schweiz,m,,S,,,,
354,108,,Liliane Brunisholz,Union suisse des paysans,w,,S,,,,
355,109,,Jean-Claude Hennet,Conférence des directeurs des transports de suisse occidentale CTSO,m,,S,,,,
110,110,,Alexander Segert,Gast,m,,0,,,,
356,110,,Ernst Stocker,Gast,m,,0,,,,
357,111,,Elsbeth Wandeler,Persönliche Mitarbeiterin,w,,1,,,,
358,112,,Mike Bacher,Persönlicher Mitarbeiter,m,,1,,,,
113,113,,Pascal Gentinetta,Economiesuisse,m,,S,,,,
115,115,,Florence Schurch,Chancellerie de la République et Canton de Gèneve,w,,2,,,,
121,121,,Harald Burgener,Gast,m,,0,,,,
367,121,,Oliver Schnyder,Verband Walliser Gemeinden,m,,S,,,,
368,122,,Martine Schneider,Gast,w,,0,,,,
122,122,,Werner Müller,SVS / BirdLife Schweiz,m,,S,,,,
123,123,,Dominik Bachmann,Aidshilfe Schweiz,m,,S,,,,
369,123,,Martin Dätwyler,Handelskammer beider Basel,m,,S,,,,
125,125,,Lucia Döbeli,Swiss Life,w,,K,,,,
373,127,,André Frutschi,Persönlicher Mitarbeiter,m,,1,,,,
127,127,,Annina Schneider,Alliance Sud,w,,S,,,,
375,129,,Beat Zbinden,Persönlicher Mitarbeiter,m,,1,,,,
131,131,,Morten Keller,Gast,m,,0,,,,
378,132,,Barbara Züst,Persönliche Mitarbeiterin,w,,1,,,,
133,133,,Christof Berger,Persönlicher Mitarbeiter,m,,1,,,,
379,133,,Rosmarie Glauser,Verband Schweizer Assistenz- und Oberärztinnen- und Ärzte VSAO,w,,S,,,,
134,134,,Charles Buser,Bauenschweiz,m,,S,,,,
383,137,,Urs Näf,Economiesuisse,m,,S,,,,
384,138,,Simone Fedele Wyss,Helvetia und Präsidentin Basler Ökonomen,w,,K,,,,
391,145,,Varuna Singh Auroi,Kanton Genf,w,,2,,,,
146,146,,Thomas Moser,Kanton Bern,m,,2,,,,
393,147,,Daniel Borner,Verband Schweizerischer Schreinermeister und Möbelfabrikanten VSSM,m,,S,,,,
395,149,,Ernest Geiser,Gast,m,,0,,,,
396,150,,Lukas Schürch,Neue Europäische Bewegung Schweiz Nebs,m,,S,,,,
151,151,,Andreas Tschöpe,Conseil Suisse des Activités de Jeunesse,m,,S,,,,
152,152,,Hannes Rettenmund,Persönlicher Mitarbeiter,m,,1,,,,
153,153,,Doris Güttinger,Fédération suisse des sages-femmes SHV / FSSF,w,,S,,,,
399,153,,Marie Pasquier Maridat,Persönliche Mitarbeiterin,w,,1,,,,
400,154,,François Tissot-Daguette,La Poste,m,,H,,,,
155,155,,Claudio Kuster,Persönlicher Mitarbeiter,m,,1,,,,
156,156,,Maxim Wuersch,Persönlicher Mitarbeiter,m,,1,,,,
403,157,,Patrick Kneubühl,Treuhand Suisse,m,,M,,,,
158,158,,Markus Flury,Schweizer Musikrat SMR,m,,S,,,,
405,159,,Ersin Dincer,Kinderlobby,m,,S,,,,
159,159,,Martin Bosshard,Bio Suisse,m,,S,,,,
163,163,,Ottilia Müller,Persönliche Mitarbeiterin,w,,1,,,,
409,163,,Reinhard Frei,Persönlicher Mitarbeiter,m,,1,,,,
164,164,,Jürg Maurer,Migros-Genossenschaft-Bund,m,,G,,,,
165,165,,Franz Grüter,Gast,m,,0,,,,
167,167,,Egger Michel,Alliance Sud,m,,S,,,,
,167,,Neirynck Julien,Gast,m,,,,,,
415,169,,Fredy Müller,Mueller Consulting und Partner,m,,M,,,,
169,169,,Roger Hedi,Sport-Toto-Gesellschaft,m,,R,,,,
170,170,,Cherix François,Gast,m,,0,,,,
416,170,,Leumann Luc,Verkehrsclub der Schweiz VCS,m,,S,,,,
174,174,,Wartenweiler Johannes,Persönlicher Mitarbeiter,m,,1,,,,http://www.sp-bern-nord.ch/aktuell/abstimmungen-wahlen/32-wahlen-2012/133-johannes-wartenweiler
420,174,,Wyss Manuel,Unia,m,,S,,,,
422,176,,Rohr Daniel C.,Rohr Communications,m,,M,,,,
425,179,,Derrer-Balladore Ruth,Schweizerischer Arbeitgeberverband,w,,S,,,,
180,180,,Sutter Sigrid,Swiss Label,w,,S,,,,
428,182,,Stauffer Eric,Mouvement Citoyens Romand - Mouvement Citoyens Geenvois MCR-MCG,m,,2,,,,
430,184,,Burkhardt Michael,Sunrise,m,,J,,,,
432,186,,Comina Claude,Gast,m,,0,,,,
187,187,,Geninazzi Angelo,Economiesuisse Svizzera italiana,m,,S,,,,
433,187,,Trisconi Michela,Persönliche Mitarbeiterin,w,,1,,,,
434,188,,Horisberger Marc,"Verband der Poker-, Geschicklichkeits- und Unterhaltungsspiele-Anbieter VPUG",m,,S,,,,
435,189,,Hürzeler Urs,Persönlicher Mitarbeiter,m,,1,,,,
190,190,,Strozzi Elena Antonella,Initiative des Alpes,w,,S,,,,
192,192,,Bachmann Jürg,Verband Schweizer Privatradios VSP,m,,S,,,,
439,193,,Christoph Kull,Beratendes Organ für Fragen der Klimaänderung des Bundes OcCC,m,,2,,,,
194,194,,Salzmann Bernard,Usam,m,,S,,,,
197,197,,Zimmermann Thomas,Schweizerischer Gewerkschaftsbund,m,,S,,,,
447,201,,Bianchi Doris,Schweizerischer Gewerkschaftsbund,w,,S,,,,
448,202,,Fleury Mathieu,Fédération romande des consommateurs FRC,m,,S,,,,
202,202,,Ruiz Rebecca,Gast,w,,0,,,,
203,203,,Ulrico Kessler,Pro Natura,m,,S,,,,
205,205,,Kaufmann Hans-Peter,Suissetec,m,,S,,,,
451,205,,Müller Roland A.,Schweizerischer Arbeitgeberverband,m,,S,,,,
452,206,,Imbach Konrad,Verband Hafner- und Plattengeschäfte,m,,S,,,,
206,206,,Weissen Roman,KM Konsulta,m,,M,,,,
210,210,,Nadler Anna-Lena,Jugendsession,w,,2,,,,
458,212,,Corpataux José,Schweizerischer Gewerkschaftsbund,m,,S,,,,
459,213,,Castella Christian,Fédération des Entreprises Romandes,m,,S,,,,
461,215,,Liner Marcel,Pro Natura,m,,S,,,,
217,217,,Sauvain Mélanie,Entraide Suisse Handicap Agile,w,,S,,,,Sekretärin AGILE seit 2009: http://www.agile.ch/news-fr&getDoc=580
222,222,,Perron Louis,Perron Campaigns,m,,M,,,,www.perroncampaigns.ch/
224,224,,Schwarz Johannes,Persönlicher Mitarbeiter,m,,1,,,,
226,226,,Graf Manuel,WWF Schweiz,m,,S,,,,
472,226,,Koch Anne,Greenpeace,w,,S,,,,
473,227,,Byland Karin,Persönliche Mitarbeiterin,w,,1,,,,
227,227,,Chiavaroli Danielle,Persönliche Mitarbeiterin,w,,1,,,,
228,228,,Lampart Daniel,"Sekretariatsleiter und Chefökonom, SGB",m,,S,,,,
475,229,,Langenegger Walter,Stadtverwaltung Bern,m,,2,,,,
476,230,,Durrer Urs,Amt für Wirtschaft des Kantons Schwyz,m,,2,,,,
230,230,,Henseler Pfyl Nathalie,Büro für Sprache und Politik,w,,M,,,,
231,231,,Frund Vinciane,Médecins de famille Suisse,w,,S,,,,
232,232,,Eperon Patrick,Centre Patronal,m,,S,,,,
479,233,,Schaffner Ursula,Persönliche Mitarbeiterin,w,,1,,,,
233,233,,Weber Busch Catherine,Schweizerischer Verband des Personals öffentlicher Dienste VPOD,w,,S,,,,
480,234,,Jurendic Marinko,Gast,m,,0,,,,
236,236,,Badertscher Christine,Persönliche Mitarbeiterin,w,,1,,,,
483,237,,Flückiger Stefan,Berner Waldbesitzer BWB,m,,S,,,,
237,237,,Minder Heinrich,Gast,m,,0,,,,
484,238,,Montangero Stephane,Fourchette verte Suisse,m,,S,,,,
238,238,,Zimmermann Michel,Persönlicher Mitarbeiter,m,,1,,,,
485,239,,Schneider Urs,Persönlicher Mitarbeiter,m,,1,,,,