id,badgegeber_id,name,deklarierte_funktion,infocubeAPI,infocube_id,infoCubeDiff,noga,bemerkungen,,rote_flagge
1,1,Vincenzo Pedrazzini,FDP.Die Liberalen,370844,370844,,0,,,
247,1,0,0,,0,,0,0,,0
2,2,Donat Schneider,Ladwirtschaftliche Organisation Bern und der angrenzenden Gebiete (LOBAG),4937033,4937033,,0,,,
248,2,Werner Salzmann,SVP Kanton Bern,657680,418186,,"Cultural, education, scientific and research organisations",Mitglied im Zentralvorstand der SVP Schweiz,,
3,3,Etienne Bütikofer,Berufsverband Bildung,0,p20003213451,,0,"Kursleiter, Bildungs-Berater, Bildungs-Lobbyist",,
249,3,Markus Meyer,Präsident Schweizerisches Kompetenzzentrum Fischerei (KSF),5496091,,,0,"Präsident Bernisch Kantonaler Fischerei-Verband, Rechtsanwalt bei Bracher & Partner, Spezialist für Wirtschafts-, Verwaltungs- und Baurecht, über öffentliche Suchmaske zu wenig eindeutig. Privatadresse: Eisenbahnstrasse 11, 4901 Langenthal",,
4,4,0,0,0,0,,0,0,,0
250,4,0,0,0,0,,0,0,,0
5,5,Alex Fischer,WWF Schweiz,943511,p21005293744,,Other interest groups,"Dozent an der Central European University, Budapest",,
251,5,0,0,0,0,,0,0,,0
6,6,Kind Andrea,Gast,145057,,,Freight transport by road,"Musikerin (Konzerthackbrett),
Klangschalen-Masseurin und -therapeutin",,
252,6,0,0,0,0,,0,0,,0
7,7,Simon Affolter,Etat de Vaud,4421615,,,0,Delegierter des Kantons Waadt für interkantonale und europäische Angelegenheiten,,
253,7,Dore Heim,Schweizerischer Gewerkschaftsbund,5002326,,,Pension funding,Geschftäftsführende Sekretärin des Schweizerischen Gewerkschaftsbundes (SGB),,
8,8,Raphaël Tschanz,UBS AG,6667117,5315606,,Big banks,,,
254,8,0,0,0,0,,0,0,,0
9,9,Stefan Wyer,Pesönlicher Mitarbeiter,5716363,5716363,,0,"Kommunikations- und Public-Affairs-Berater, ehemaliger persönlicher Mitarbeiter von Bundesrätin Ruth Metzler-Arnold",,"Lobbyist, kein persönlicher Mitarbeiter."
255,9,René Rall,Schweizerischer Anwaltsverband,853602,853602,,Other social activities without accommodation,Generalsektretär Sschweizerischer Anwaltsverband,,
10,10,Max Nötzli,Verband auto-schweiz,359276,1030082,,Activities of professional membership organisations,,,
256,10,Roger Schnegg,Swiss Olympic,6328894,6328894,,Activities of sport clubs,,,
11,11,Martin Flügel,Travail.Suisse,4589513,4589513,,0,,,
257,11,Susanne Blank,Travail.Suisse,5747169,,,0,"Cheredaktorin ""Die Volkswirtschaft"", Staatssekretariat für Wirtschaft Seco",,
12,12,0,0,0,0,,0,0,,0
258,12,0,0,0,0,,0,0,,0
13,13,Regula Mühlebach,"Schweizerischer Mieterinnen- und Mieterverband, Deutschschweiz (SMV/D)",5414310,5414310,,0,,,
259,13,Ulrich Keller,Schweizerischer Verband für Wohnungswesen,4325114,268223,,Pension funding,,,
14,14,Lionel Ricou,CURAVIVA Suisse / Cabinet privé de conseils SA,5135121,5135121,,0,Public-Affairs-Spezialist,,
260,14,0,0,0,0,,0,0,,0
15,15,Emil Kälin,Pesönlicher Mitarbeiter,6262668,4465470,,0,Generalsekretär Volkswirtschaftsdirektion Uri,,
261,15,Edith Baumann,Gast,51996,51997,,Freight transport by road,Ehefrau von Isidor Baumann,,
16,16,Martin Zenhäusern,Zenhäusern & Partner AG,540164,736914,,0,"Ex-Coach von Ruth Metzler und Joseph Deiss, Ex-Pressesprecher CVP Wallis",,Intransparent!
262,16,Nathalie Gysi,Green Cross Schweiz,1058766,1058766,,0,,,
17,17,Natacha Berberat,Gast,0,p22005158400,,Freight transport by road,Ehefrau,,
263,17,Florence Meyer,Ville de La Chaux-de-Fonds,5138077,,,"Accounting, bookkeeping and auditing activities; tax consultancy",Verantwortliche für Aussenangelegenheiten bei der Stadt La Chaux-de-Fonds,,
18,18,Alain Bovard,"Amnesty International, Section Suisse",4323098,,,0,,,
264,18,Daniel Roth,Gast,6686373,,,Freight transport by road,Ehemann,,
19,19,Stefan Vannoni,economiesuisse,5003241,5591444,,Activities of business and employers membership organisations,Stv. Leiter allgemeine Wirtschaftspolitik & Bildung bei Economiesuisse,,
265,19,0,0,0,0,,0,0,,0
20,20,Matthias Dietrich,Informationsdienst für den öffentlichen Verkehr (LITRA),5174729,,,0,Geschäftsführer. War früher in der PR-Abteilung der SBB.,,
266,20,Aeppli Alfred,Gast,5603659,,,Freight transport by road,"Der ""Bundeshaus-Seelsorger""; arbeitet bei den Besinnungen im Bundeshaus mit. Präsident des Landeskirchen-Forums.",,
21,21,Hans Koller,strasseschweiz,181283,,,0,,,
267,21,Urs Amstutz,Waldwirtschaft Schweiz (WVS),825391,35427,,Activities of business and employers membership organisations,,,
22,22,Sara Stalder,Siftung für Konsumentenschutz,1043681,5701234,,0,,,
268,22,0,0,0,0,,0,0,,0
23,23,Marco Taddei,Schweizerischer Verband freier Berufe,6803999,,,0,Generalsekretär,,
269,23,0,0,0,0,,0,0,,0
24,24,Hans-Ulrich Bigler,Schweizerischer Gewerbeverband (sgv),5491247,850929,,0,Und: Vorstand HEV Kanton Zürich,,
270,24,0,0,0,0,,0,0,,0
25,25,Blocher Silvia,Gast,6895995,6895995,,Freight transport by road,Ehefrau,,
271,25,Von Rohr Chris,Gast,410925,,,Freight transport by road,,,
26,26,David Stickelberger,Swissolar,5646523,5646523,,Investment intermediation,,,
272,26,Gaston Wolf,Konferenz Hochschuldozierende Schweiz,0,,,0,,,
27,27,Erich Herren,Persönlicher Mitarbeiter,5355066,4867051,,Pension funding,,,
273,27,Hüssy Hans-Rudolf,Persönlicher Mitarbeiter,0,,,Pension funding,Ex-Präsident der Offiziere der Luftwaffe (Avia),,
28,28,Urs Martin,Privatklinken Schweiz,5140844,6595970,,0,,,
274,28,Roswitha Brunner,Aktion Medienfreiheit,857197,,,0,,,
29,29,Francis Egger,Union Suisse des Paysans,1073293,1073293,,0,,,
275,29,Fritz Glauser,Schweizer Bauernverband,4564729,1035028,,Activities of business and employers membership organisations,,,
30,30,Rudolf Minsch,economiesuisse,5881302,5881302,,Activities of business and employers membership organisations,,,
276,30,0,0,0,0,,0,0,,0
31,31,Rohner Petra,Persönliche Mitarbeiterin,1032389,,,0,,,
277,31,0,,0,0,,0,0,,0
32,32,Uebersax Judith,SVP Frauen Schweiz,0,,,0,,,
278,32,Thomas Bähler,"VSMR, Verband Stahl-, Metall- und Papier-Recycling Schweiz",5466774,,,0,"Geschäftsführer von Wirtschaftsverbänden im Mandatsverhältnis (Stahl-, Metall und Papier-Recycling; Entsorgung von elektronischen und elektrischen Altgeräten; Blumenimport und -grosshandel, Tabakwarenhandel, Kartenverlage)",,
33,33,0,0,0,0,,0,0,,0
279,33,0,0,0,0,,0,0,,0
34,34,Beat Christen,Persönlicher Mitarbeiter,390435,,,Pension funding,"http://newsnetz-blog.ch/hugostamm/blog/2012/05/03/stosstrupp-gottes-in-den-wandelhallen/comment-page-4/#comments 

http://www.vbg.net/die-vbg/wer-wir-sind/mitarbeitende.html",,
280,34,Thomas Ruckstuhl,Persönlicher Mitarbeiter,4968137,,,Pension funding,,,
35,35,Martin Kuonen,Centre Patronal,5809264,5809264,,Activities of business and employers membership organisations,,,
281,35,Jean-Claude Chabloz,Gast,4686773,,,Freight transport by road,,,
36,36,Daniel Bulliard,Gast,98731,98731,,Freight transport by road,,,
282,36,Xavier Pilloud,Persönlicher Mitarbeiter,6216610,,,Pension funding,,,
37,37,Brigitte Pitteloud,Etat du Valais,5348250,,,0,,,
283,37,Alfred Squaratti,Union Suisse des Sociétés d'Ingénieurs Conseils (usic),727481,727481,,0,,,
38,38,Martin Fröhlich,Persönlicher Mitarbeiter,5609600,,,Pension funding,,,
284,38,0,0,0,0,,0,0,,0
39,39,Töngi Michael,Schweizerische Mieterinnen- und Mieterverband,5653046,,,0,,,
285,39,Jean-Félix Savary,Groupement Romand d'Etudes des Addictions (GREA),0,,,0,,,
40,40,0,0,0,0,,0,0,,0
286,40,0,0,0,0,,0,0,,0
41,41,Sara Guerra,Stagiaire per il Canton Ticino,4265242,,,0,,,
287,41,0,0,0,0,,0,0,,0
42,42,Arthur Wellinger,Biomasse Suisse,647183,647183,,0,,,
288,42,Laurent Seydoux,Parti vert libéral,5539859,451881,,0,,,
43,43,Sandra-Anna Göbelbecker,Persönliche Mitarbeiterin,0,,,0,,,
289,43,Jean-Marc Widmer,Fédération Suisse Fonctionnaires de Police,718031,4377053,,0,,,
44,44,0,0,0,0,,0,0,,0
290,44,0,0,0,0,,0,0,,0
45,45,Felix Wirz,Ecopolitics GmbH,903555,4045146,,"Other professional, scientific and technical activities n.e.c.",,,
291,45,Buschbeck Mathias,Persönlicher Mitarbeiter,5560778,,,Pension funding,,,
46,46,Bettina Mutter,Dynamicsgroup,6701264,6701264,,Business and other management consultancy activities,cf. Franz Egle / Dynamics Group AG,,
292,46,Timotheos Frey,Burson-Marsteller AG,0,,,Public relations and communication activities,,,
47,47,Sarkis Shahinian,Parlamentarische Gruppe Schweiz-Armenien,7038795,7038795,,0,,,
293,47,0,0,0,0,,0,0,,0
48,48,Dieter Kläy,Schweizerischer Gewerbeverband (sgv),4562781,4562781,,0,,,
294,48,Markus Meier,HEV Kanton Baselland,914296,651505,,0,,,
49,49,Christina Gaggini,economiesuisse,0,,,Activities of business and employers membership organisations,,,
295,49,Arnaud Schaller,Alliance des Assureurs Maladie Suisses (AAMS),7092939,7092939,,0,,,
50,50,Ronny Kaufmann,Die Schweizerische Post,4504015,4504015,,Postal activities under universal service obligation,,,
296,50,0,0,0,0,,0,0,,0
51,51,0,0,0,0,,0,0,,0
297,51,0,0,0,0,,0,0,,0
52,52,Rita Eder-Bachmann,Gast,0,,,Freight transport by road,,,
298,52,Jürg Schlup,Verbindung der Schweizer Ärztinnen und Ärzte FMH,913498,,,Activities of professional membership organisations,,,
53,53,Ruedi Leder,Gast,4938398,628575,,Freight transport by road,,,
299,53,Konrad Hanspeter,Schweizerischer Pensionskassenverband (ASIP),693253,,,0,,,
54,54,Albert Leiser,Hauseigentümerverband (HEV) Zürich,297418,297418,,0,,,
300,54,Ansgar Gmür,Hauseigentümerverband (HEV) Schweiz,1192206,1192206,,0,,,
55,55,Marie-Louise Baumann,MLB Communications,4629069,4689222,,Public relations and communication activities,,,
301,55,Daniel Heller,Farner Consulting AG,1138134,224973,,Public relations and communication activities,,,
56,56,Fadri Ramming,Regierungskonferenz der Gebirgskantone (RKGK),1049448,1049448,,0,,,
302,56,Thomas Egger,Schweizerische Arbeitsgemeinschaft für das Berggebiet (SAB),5461137,,,0,,,
57,57,Werni Birrer,Gast,0,,,Freight transport by road,,,
303,57,Richard Estermann,Gast,4316993,152168,,Freight transport by road,,,
58,58,Helen Fässler-Eiermann,Gast,5818623,5818623,,Freight transport by road,,,
304,58,0,0,0,0,,0,0,,0
59,59,Chantal Aeby Pürro,Fédération suisse des vignerons (FSV),0,,,0,,,
305,59,Guido Fürer,Bureau de prévention des accidents (bpa),175532,6465912,,0,,,
60,60,Hans Kuno Schweiger,Gast,0,,,Freight transport by road,,,
306,60,Bruno Stegmann,Gast,0,,,Freight transport by road,,,
61,61,Peter Graf,Persönlicher Mitarbeiter,198530,,,Pension funding,,,
307,61,0,0,0,0,,0,0,,0
62,62,Miriam Wetter,Persönliche Mitarbeiterin,6773289,,,0,,,
308,62,Andrea Arezina,Persönliche Mitarbeiterin,0,,,0,,,
63,63,0,0,0,0,,0,0,,0
309,63,0,0,0,0,,0,0,,0
64,64,Roland Seiler,Schweizerischer Fischerei-Verband (SFV),4185352,,,0,,,
310,64,Conradin Nils Münger,Verein Kinderlobby,0,,,0,,,
65,65,Sybille Oetliker,Schweizerischer Städteverband (SSV),0,,,0,Wissenschaftliche Mitarbeiterin Schweizerischer Städteverband (http://staedteverband.ch/de/Info/Stadteverband/Geschaftsstelle),,
311,65,0,0,0,0,,0,0,,0
66,66,Ernesto Engel,Kunststoff Verband Schweiz,5472975,5472975,,Activities of business and employers membership organisations,,,
312,66,0,0,0,,,0,0,,0
67,67,Ingrid Hess,Umweltallianz,1060459,,,0,,,
313,67,Michèle Graber,Persönliche Mitarbeiterin,1091117,6749204,,0,,,
68,68,Hans-Georg Bächtold,Schweizerischer Ingenieur- und Architekten-Verein,5369267,,,Pension funding,,,
314,68,Peter Schuhmacher,GEO Consulting Group AG,6935670,858208,,Business and other management consultancy activities,,,
69,69,Hansruedi Streiff,Holzindustrie Schweiz,765735,765735,,Activities of professional membership organisations,,,
315,69,Henrique Schneider,Schweizerischer Gewerbeverband (sgv),6527757,6527757,,0,,,
70,70,Cahannes Dagobert,Kanton Solothurn,0,,,General public administration activities,,,
316,70,Michael Schmid,Verband der Schweizerischen Gasindustrie (VSG),5131890,,,0,,,
71,71,Priska Föhn,Gast,4444336,4444336,,Freight transport by road,,,
317,71,Marco Föhn,Gast,5530653,5530653,,Freight transport by road,,,
72,72,Christian Melly,Canton du Valais,329858,329859,,Cantonal banks,,,
318,72,Xavier Bertelletto,Canton du Valais,0,p27003254264,,Cantonal banks,,,
73,73,Paul-André Simon,Persönlicher Mitarbeiter,679457,,,Pension funding,,,
319,73,Kristensen Philip Holmgaard,Centre Patronal (Mandat Aerosuisse und Parl. Gruppe Luft- und Raumfahrt),0,,,0,,,
74,74,Joël A. Thüring,Persönlicher Mitarbeiter,0,5089791,,Pension funding,,,
320,74,Jean-Christophe Britt,Novartis International AG (Public Affairs),4449735,,,0,Mediensprecher Novartis International AG,,
75,75,Kuno Hämisegger,Schweizerische Bankiervereinigung (SBVg),1008819,1008819,,0,,,
321,75,0,0,0,0,,0,0,,0
76,76,Antoine Carraux,Union Démocratique du Centre du Valais romand,0,,,0,,,
322,76,Jérome Desmeules,Union Démocratique du Centre du Valais romand,0,,,0,,,
77,77,Reto Wiesli,Médecins de famille suisse,5454878,5454878,,0,,,
323,77,0,0,0,0,,0,0,,0
78,78,Jürg Wittwer,Hausverein Schweiz,530454,,,0,,,
324,78,0,0,0,0,,0,,,0
79,79,0,0,0,0,,0,0,,0
325,79,0,0,0,0,,0,0,,0
80,80,Kurt Rohrbach,Verband Schweizerischer Elektrizitätsunternehmen,633152,404341,,0,,,
326,80,Roger de Weck,SRG SSR,4243104,4243104,,Other interest groups,,,
81,81,Christoph Dietler,pulswert GmbH,132945,,,0,,,
327,81,0,0,0,0,,0,0,,0
82,82,Rudolf Horber,Schweizerischer Gewerbeverband (sgv),5398217,5398217,,0,,,
328,82,Beat Spahni,ThinkArt Consulting,459304,,,0,,,
83,83,Chantal Balet,Cabinet conseils FBL associés,46828,46828,,0,,,
329,83,Martin Schläpfer,Migros-Genossenschafs-Bund,787618,4860527,,"Non-specialized wholesale of food, beverages and tobacco",,,
84,84,Renate Hotz,Hotz Communications AG,238485,1046083,,Public relations and communication activities,,,
330,84,0,0,0,0,,0,0,,0
85,85,Hans-Ulrich Hunziker,SAVASS (Swiss Association Value Added Services),735395,,,0,,,
331,85,Michael Gehrken,ASTAG (Schweizerischer Nutzfahrzeugverband),869641,869641,,Activities of professional membership organisations,,,
86,86,Barbara Küttel,Kleinbauern-Vereinigung (VKMB),6740468,,,0,,,
332,86,Rudolf Alther,Gesellschaft Schweiz-Albanien,33090,33090,,Other interest groups,,,
87,87,Patrick Hofstetter,WWF Schweiz,6789934,6328680,,Other interest groups,,,
333,87,Barmettler Franziska,Wirtschaftsverband swisscleantech,5864569,,,0,,,
88,88,Jonas Glanzmann,Persönlicher Mitarbeiter,5029225,,,Pension funding,,,
334,88,Guido Graf,Kanton Luzern,198659,,,General care hospitals,http://www.lu.ch/gesundheit_soziales = http://infocube.ch/de/p/198658/graf-guido ???,,
89,89,Nicole Werner,Alliance Sud,6984331,,,0,,,
335,89,Moreno Casasola,Solidarité sans frontières,0,,,"Cultural, education, scientific and research organisations",,,
90,90,Marcel Kreber,Schweizer Brauerei-Verband,5767738,5767738,,0,,,
336,90,Hannes Jaisli,Gastro Suisse,4081131,,,Management of restaurants,,,
91,91,0,0,0,0,,0,0,,0
337,91,0,0,0,0,,0,0,,0
92,92,Wyss Gräber Andrea,Gast,5446271,5446271,,Freight transport by road,,,
338,92,0,0,0,0,,0,0,,0
93,93,Markus Allemann,Greenpeace Schweiz,288312,,,Other interest groups,,,
339,93,Christina Goethe,Swissaid,0,,,Charitable institutions,,,
94,94,Walter Stüdeli,Geschäftsführung Verbände,4909799,4909799,,0,,,
340,94,Harry Graf,Gast,5029775,,,Freight transport by road,,,
95,95,Kurt Howald,Gast,1133296,,,Freight transport by road,,,
341,95,Giovanni Giunta,Futuro PMI / Relève PME / kmuNEXT,6238466,6238466,,0,,,
96,96,Jürgen Schulz,Persönlicher Mitarbeiter,5901542,,,Pension funding,,,
342,96,Adrian Schmid,Schweizerischer Heimatschutz,6864878,,,0,,,
97,97,In-Albon Hans-Peter,Verband Schweizerischer Elektro-Installationsfirmen (VSEI),5131473,5131473,,Activities of professional membership organisations,,,
343,97,0,0,0,0,,0,0,,0
98,98,Klaus Künzli,GastroSuisse,285728,6804000,,Real estate agencies,,,
344,98,Christian Köpe,Galencia AG,7187225,926284,,0,,,
99,99,Marie-Jo Girardin,Persönliche Mitarbeiterin,6965869,,,0,,,
345,99,Michel Darbellay,Chambre jurassienne d'agriculture,4045216,,,0,,,
100,100,Stefan Kilchenmann,Swisscom AG,5653433,270640,,,https://www.xing.com/profiles/Stefan_Kilchenmann,,
346,100,Thomas Zwald,Verband Schweizer Elektrizitätsunternehmen (VSE),0,,,0,,,
101,101,Kurt Wilhelm,Sanitas Krankenversicherung,623532,527127,,Health insurance,,,
347,101,Urs Brogli,FDP Gesundheitskommission,1037413,888313,,0,"Leiter Kommunikation & Public Affairs von The Swiss Leading Hospitals: http://www.slh.ch/de/aktuelles/meldungen/neuer-leiter-kommunikation.php, Leiter der Unternehmenskommunikation bei
 der Privatklinikgruppe Hirslanden, Präsident der 
gesundheitspolitischen Kommission des Dachverbandes der Privatkliniken 
Schweiz (PKS):http://www.bilanz.ch/unternehmen/urs-brogli-ueber-reformen-im-gesundheitswesen-auf-der-intensivstation",,
102,102,Stefan Jakob,NPO-Forum,6247188,,,0,,,
348,102,Yvonne Ribi,Schweizerischer Berufsverband der Pflegefachfrauen und Pflegefachmänner (SBK-ASI),0,,,0,,,
103,103,Dieter Meile,Persönlicher Mitarbeiter,5156035,,,Pension funding,,,
349,103,Armin Menzi,Persönlicher Mitarbeiter,864193,864193,,Pension funding,,,
104,104,Daniela Lehmann,Gewerkschaft des Verkehrspersonals (SEV),5463468,,,Activities of trade unions,,,
350,104,Annette Walder,Gast,747048,,,Freight transport by road,,,
105,105,Christine Davatz-Höchner,Schweizerischer Gewerbeverband (sgv),669335,669335,,0,,,
351,105,Peter Stähli,Kleine und mittlere Unternehmen (KMU),4290355,,,0,,,
106,106,Gallus Cadonau,Schweiz. Greina-Stiftung / Solaragentur Schweiz,103036,103036,,Other interest groups,,,
352,106,Peter Schmid,Wohnbaugenossenschaft Schweiz,432912,,,0,,,
107,107,Martin Rufer,Schweizerischer Bauernverband,413127,5774114,,Activities of business and employers membership organisations,,,
353,107,0,0,0,0,,0,0,,0
108,108,Martin Pidoux,Schweizerischer Bauernverband,6815095,6815095,,Activities of business and employers membership organisations,,,
354,108,Liliane Brunisholz,Union suisse des paysans,6827790,,,0,,,
109,109,Raphaël Ciocchi,Persönlicher Mitarbeiter,6607224,6607224,,Pension funding,,,
355,109,Jean-Claude Hennet,Conférence des directeurs des transports de suisse occidentale (CTSO),225750,,,0,,,
110,110,Alfred Segert,Gast,0,,,Freight transport by road,,,
356,110,Ernst Stocker,Gast,471825,,,Freight transport by road,,,
111,111,Bettina Ramseyer Rey,Dachverband CURAVIVA,0,5686206,,0,,,
357,111,Elsbeth Wandeler,Persönliche Mitarbeiterin,5327237,,,0,,,
112,112,Bruno Henggi,Interpharma Basel,5754911,5754911,,Other research and experimental development on natural sciences and engineering,,,
358,112,Mike Bacher,Persönlicher Mitarbeiter,6525057,,,Pension funding,,,
113,113,Pascal Gentinetta,economiesuisse,4925063,,,Activities of business and employers membership organisations,,,
359,113,0,0,0,0,,0,0,,0
114,114,Urs Wellauer,Schweizerischer Bäcker-Confiseurmeister-Verband,934267,520100,,Activities of professional membership organisations,,,
360,114,0,0,0,0,,0,0,,0
115,115,Florence Schurch,Chancellerie de la République et Canton de Gèneve,1080948,,,0,,,
361,115,Pierre Maudet,Commission fédérale pour l'enfance et la jeunesse,4757083,4757083,,0,,,
116,116,Beat Meiner,Schweizerische Flüchtlingshilfe,329149,5770043,,Charitable institutions,,,
362,116,0,0,0,0,,0,0,,0
117,117,0,0,0,0,,0,0,,0
363,117,0,0,0,0,,0,0,,0
118,118,0,0,0,0,,0,0,,0
364,118,0,0,0,0,,0,0,,0
119,119,Cornelia Stamm Hurter,Gast,0,p26002615664,,Freight transport by road,,,
365,119,0,0,0,0,,0,0,,0
120,120,Rolf Hartl,Erdöl-Vereinigung,218441,218441,,Activities of professional membership organisations,,,
366,120,Valentin Vogt,Schweizerischer Arbeitgeberverband,505270,505270,,,,,
121,121,Harald Burgener,Gast,99558,,,Freight transport by road,,,
367,121,Oliver Schnyder,Verband Walliser Gemeinden,5646886,,,0,,,
122,122,Werner Müller,SVS/BirdLife Schweiz,5071538,,,Fund management activities,,,
368,122,Martine Schneider,Gast,320054,,,Freight transport by road,,,
123,123,Dominik Bachmann,Aidshilfe Schweiz,5382552,,,Healthcare organisations,,,
369,123,Martin Dätwyler,Handelskammer beider Basel,801015,,,Activities of business and employers membership organisations,,,
124,124,Mirjam Ballmer,Pro Natura,5654519,5654519,,"Agents involved in the sale of machinery, industrial equipment, ships and aircraft",Projektleiterin für Naturschutzpolitik bei Pro Natura,,
370,124,Daniel Wiener,Persönlicher Mitarbeiter,853105,853105,,Pension funding,,,
125,125,Lucia Döbeli,Swiss Life AG,0,,,,,,
371,125,,,0,,,0,,,
126,126,Aliki Panayides,Persönliche Mitarbeiterin,0,p22005361383,,0,,,
372,126,Marcel Durst,Geschäftsführer Association Spitex Privée Suisse (ASPS),7144108,1065079,,0,,,
127,127,Annina Schneider,Alliance Sud,1064993,,,0,,,
373,127,André Frutschi,Persönlicher Mitarbeiter,933982,,,Pension funding,,,
128,128,Herbert Winter,Schweizerischer Israelitischer Gemeindebund,25037,25037,,Charitable institutions,,,
374,128,Peter Kyburz,KV Schweiz,4271251,713874,,Web portals,,,
129,129,Hans-Rudolf Müller,AXA Versicherungen AG,912397,18642,,Accident and indemnity insurance,,,
375,129,Beat Zbinden,Persönlicher Mitarbeiter,521009,,,Pension funding,,,
130,130,0,0,0,0,,0,0,,0
376,130,0,0,0,0,,0,0,,0
131,131,Morten Keller,Gast,7218675,,,Freight transport by road,,,
377,131,Morten Keller,,7218675,,,0,,,
132,132,Kalim Ghulam,POWERcondens AG,6942944,6942944,,Wholesale of other machinery and equipment,,,
378,132,Barbara Züst,Persönliche Mitarbeiterin,4539710,,,0,,,
133,133,Christof Berger,Persönlicher Mitarbeiter,7011865,,,Pension funding,,,
379,133,Rosmarie Glauser,Verband Schweizer Assistenz- und Oberärztinnen- und Ärzte (VSAO),5219690,,,0,,,
134,134,Charles Buser,bauenschweiz,101711,,,0,,,
380,134,Urs Glutz,Swisspower,6849024,681493,,Activities of other holding companies,,,
135,135,0,0,0,0,,0,0,,0
381,135,0,0,0,0,,0,0,,0
136,136,Susanne Brunner,economiesuisse,65606,4088504,,Activities of business and employers membership organisations,,,
382,136,0,0,0,0,,0,0,,0
137,137,Paul Aenishänslin,PAE-PAC Public Affairs & Communications,1014565,1014565,,0,,,
383,137,Urs Näf,economiesuisse,914276,,,Activities of business and employers membership organisations,,,
138,138,Marcel Sennhauser,scienceindustries,5151082,1067385,,Activities of business and employers membership organisations,,,
384,138,Simone Fedele Wyss,Helvetia und Präsidentin Basler Ökonomen,0,,,0,,,
139,139,Bruno Weber-Gobet,Travail.Suisse,4302631,4302631,,0,,,
385,139,Maxwell Sigurd,Alprail,1022882,1022882,,0,,,
140,140,Dominique Reber,Hirzel.Neef.Schmid.Konsulenten,5318522,5285695,,Public relations and communication activities,,,
386,140,Claudia Bolla-Vincenz,Swisscable,791471,791471,,Manufacture of other electronic and electric wires and cables,,,
141,141,0,0,0,0,,0,0,,0
387,141,0,0,0,0,,0,0,,0
142,142,Luca Cirigliano,Schweizerischer Gewerkschaftsverbund,0,p25015040091,,0,,,
388,142,Alain Carrupt,Syndicom,1144647,1144647,,Activities of trade unions,,,
143,143,Hansjörg Fasnacht,Persönlicher Mitarbeiter,155871,155871,,Pension funding,,,
389,143,Gabi Badertscher,Burson-Marsteller AG,0,4957570,,Public relations and communication activities,,,
144,144,Maria Luisa Bernini Burkhard,swiss communication agency,6311215,6311215,,Advertising agencies,,,
390,144,Rudolf Wyder,Auslandschweizer Organisation,534341,534408,,"Cultural, education, scientific and research organisations",,,
145,145,Raymond Loretan,Gast,804598,5617064,,Freight transport by road,Beweis: http://www.srgd.ch/index.php?id=1319,,
391,145,Varuna Singh Auroi,Canton de Genève,0,,,Cantonal banks,,,
146,146,Thomas Moser,Kanton Bern,1086939,,,Cantonal banks,,,
392,146,Martin Muerner,Radio Berner Oberland AG,351106,5546035,,Radio broadcasting,,,
147,147,Judith Fischer,SUVA,5199429,6549004,,Accident insurance (SUVA),,,
393,147,Daniel Borner,Verband Schweiz. Schreinermeister und Möbelfabrikanten (VSSM),4646253,,,0,,,
148,148,Yves Weidmann,Schweizerische Bankiervereinigung (SBVg),5500705,5500705,,0,,,
394,148,Christian Zeyer,Swisscleantech,5579517,5579517,,Research and experimental development on social sciences and humanities,,,
149,149,Monika Maire-Hefti,Gast,906925,906925,,Freight transport by road,,,
395,149,Ernest Geiser,Gast,763627,,,Freight transport by road,,,
150,150,Thierry Burkart,Touring Club Suisse (TCS),4308851,4308851,,Other interest groups,,,
396,150,Lukas Schürch,Neue Europäische Bewegung Schweiz (Nebs),4227564,,,0,,,
151,151,Andreas Tschöpe,Conseil Suisse des Activités de Jeunesse,6535069,,,0,,,
397,151,Mohamed Hamdaoui,Syndicom,6657780,6657780,,Activities of trade unions,,,
152,152,Hannes Rettenmund,Persönlicher Mitarbeiter,0,,,Pension funding,,,
398,152,Andreas Schefer,SRG Deutschschweiz,6348926,6348926,,0,,,
153,153,Doris Güttinger,Fédération suisse des sages-femmes (SHV/FSSF,0,,,0,,,
399,153,Marie Pasquier Maridat,Persönliche Mitarbeiterin,0,,,0,,,
154,154,Babette Sigg Frank,CVP-Frauen Schweiz,0,p29001217247,,0,,,
400,154,François Tissot-Daguette,La Poste,913416,,,,,,
155,155,Claudio Kuster,Persönlicher Mitarbeiter,7025877,,,Pension funding,,,
401,155,0,0,0,0,,0,0,,0
156,156,Maxim Wuersch,Persönlicher Mitarbeiter,0,,,Pension funding,,,
402,156,Johan Rochel,Persönlicher Mitarbeiter,5344538,,,Pension funding,,,
157,157,Thomas Pletscher,economiesuisse,4654461,975318,,Activities of business and employers membership organisations,,,
403,157,Patrick Kneubühl,Treuhand Suisse,5564125,,,"Accounting, bookkeeping and auditing activities; tax consultancy",,,
158,158,Markus Flury,Schweizer Musikrat (SMR),5376074,,,0,,,
404,158,0,0,0,0,,0,0,,0
159,159,Martin Bosshard,Bio Suisse,5736081,,,"Wholesale of medical, surgical and orthopaedic goods",,,
405,159,Ersin Dincer,Kinderlobby,0,,,0,,,
160,160,Helene Müller-Bühler,Gast,0,p25000897613,,Freight transport by road,,,
406,160,Oscar J. Schwenk,Pilatus Aircraft,0,702264,,Service activities incidental to air transportation,,,
161,161,0,0,0,0,,0,0,,0
407,161,0,0,0,0,,0,0,,0
162,162,Rudolf Zumbühl,Touring Club Suisse (TCS),5612965,5612965,,Other interest groups,,,
408,162,Monika Sommer,Hauseigentümerverband Schweiz (HEV Schweiz),470639,4692736,,0,,,
163,163,Ottilia Müller,Persönliche Mitarbeiterin,1042929,,,0,,,
409,163,Reinhard Frei,Persönlicher Mitarbeiter,860970,,,Pension funding,,,
164,164,Jürg Maurer,Migros-Genossenschaft-Bund,6557677,,,"Non-specialized wholesale of food, beverages and tobacco",,,
410,164,0,0,0,0,,0,0,,0
165,165,Franz Grüter,Gast,204932,,,Freight transport by road,,,
411,165,0,0,0,0,,0,0,,0
166,166,Patrick Hadi Huber,Persönlicher Mitarbeiter,5725885,5725885,,,,,
412,166,Marc Herkenrath,Alliance Sud,0,p29002609056,,0,,,
167,167,Egger Michel,Alliance Sud,5052741,,,0,,,
413,167,0,0,0,0,,0,0,,0
168,168,Bollag Josef,Institute for Security Analysis and Strategic Netwroking (ISSN Foundation),1132581,363,,0,,,
414,168,Studer Marc,Le Lobby des Citoyens,6910971,4127563,,0,,,
169,169,Roger Hedi,Sport-Toto-Gesellschaft,886880,,,Gambling and betting activities,,,
415,169,Fedy Müller,MUELLER Consulting & Partner,0,,,0,,,
170,170,Cherix François,Gast,,,,,,,
416,170,Leumann Luc,Verkehrs-Club der Schweiz (VCS),,,,,,,
171,171,Furrer Lorenz,Furrer.Hugi & Partner AG,,5105362,,,,,
417,171,Andreas Hugi,Furrer.Hugi & Partner AG,,4513204,,,,,
172,172,Nussbaumer Michael,Persönlicher Mitarbeiter,,6562803,,,Familienmitglied,,
418,172,Stefan Batzli,Agentur für Erneuerbare Energien und Energieeffizienz,,4010952,,,,,
173,173,Tettamanti Elvio,Gast,,p26001067974,,,Familienmitglied,,
419,173,0,0,,0,,,0,,0
174,174,Wartenweiler Johannes,Persönlicher Mitarbeiter,,,,,http://www.sp-bern-nord.ch/aktuell/abstimmungen-wahlen/32-wahlen-2012/133-johannes-wartenweiler,,
420,174,Wyss Manuel,Unia,,,,,,,
175,175,Cueni Thomas,Interpharma,,121692,,,,,
421,175,0,0,,0,,,0,,0
176,176,Zürcher Montali Ines,Persönliche Mitarbeiterin,,625628,,,,,
422,176,Rohr Daniel C.,Rohr Communications,,,,Public relations and communication activities,,,
177,177,Hofmann Max,Fédération Suisse des Fonctionnaires de Police (FSFP),,1020194,,0,,,
423,177,Willener Walter,Association suisse pour un secteur agroalimentaire fort (ASSAF-Suisse),,527355,,0,,,
178,178,Mühlethaler Jan,Schweizer Aussenwirtschaftsförderung (Osec),5643251,p28002992189,,0,,,
424,178,Enggasser Josiane,Schweizer Obstverband,4178254,4178254,,Activities of business and employers membership organisations,,,
179,179,Studerus Konrad,"Studerus und Partner AG, Zug",477648,477648,,Business and other management consultancy activities,,,
425,179,Derrer-Balladore Ruth,Schweizerischer Arbeitgeberverband,0,,,,,,
180,180,Sutter Sigrid,SWISS LABEL,699390,,,Market research and public opinion polling,,,
426,180,Gfeller Kurt,Schweizerischer Gewerbeverband (sgv),880278,880278,,0,,,
181,181,Björk Michaela,Persönliche Mitarbeiterin,0,p25004801411,,0,,,
427,181,0,0,0,0,,0,0,,0
182,182,Baertschi François,Persönlicher Mitarbeiter,6250817,45382,,Pension funding,,,
428,182,Stauffer Eric,Mouvement Citoyens Romand - Mouvement Citoyens Geenvois (MCR-MCG),5266238,,,0,,,
183,183,Maurer Thomas C.,Maurer Partner Communications AG,0,975543,,Public relations and communication activities,,,
429,183,0,0,0,0,,0,0,,0
184,184,Meyer Urs F.,Schweizer Medien,0,335092,,Publishing of journals and periodicals,,,
430,184,Burkhardt Michael,SUNRISE,5152510,,,Development of building projects,,,
185,185,Werder Christina,Schweizerischer Gewerkschaftsbund,6446441,6446441,,Pension funding,,,
431,185,Ambrosetti Renzo,Gewerkschaft Unia,33776,33776,,Activities of trade unions,,,
186,186,Karch Herbert,Agrarallianz / Kleinbauern-Vereinigung (VKMB),848993,848993,,0,,,
432,186,Comina Claude,Gast,6525896,,,Freight transport by road,,,
187,187,Geninazzi Angelo,economiesuisse Svizzera italiana,0,,,0,,,
433,187,Trisconi Michela,Persönliche Mitarbeiterin,4193798,,,0,,,
188,188,Simonet Denis,Piratenpartei,5238035,p21008036913,,0,,,
434,188,Horisberger Marc,"VPUG - Verband der Poker-, Geschicklichkeits- und Unterhaltungsspiele-Anbieter",816992,,,0,,,
189,189,Reimann Hans Peter,Gast,6970879,6970879,,Freight transport by road,,,
435,189,Hürzeler Urs,Persönlicher Mitarbeiter,733742,,,Pension funding,,,
190,190,Strozzi Elena Antonella,Initiative des Alpes,0,,,0,,,
436,190,Grob Annina,Union des Etudiants de Suisse (UNES),0,,,0,,,
191,191,Suter Bertil,Gast,0,p22010017274,,Freight transport by road,,,
437,191,Cornu Pierre,Persönlicher Mitarbeiter,118752,,,Pension funding,,,
192,192,Bachmann Jürg,Verband Schweizer Privatradios (VSP),4207815,,,,,,
438,192,0,0,0,,,0,0,,0
193,193,Schwitter Stephan,Wohnbaugenossenschaft Schweiz,5499131,816649,,0,,,
439,193,Christoph Kull,Beratendes Organ für Fragen der Klimaänderung des Bundes (OcCC),677582,,,0,,,
194,194,Salzmann Bernard,USAM,784129,,,0,,,
440,194,0,0,0,0,,0,0,,0
195,195,Widmer Andreas,St. Galler Bauernverband,6067645,524178,,Activities of professional membership organisations,,,
441,195,Josef Dissler,Schweizerischer Bauernverband,944515,944515,,Activities of business and employers membership organisations,,,
196,196,Kuert Killer Matthias,Travail.Suisse,5912967,5912967,,0,,,
442,196,Rossi Michele,Associazioni economiche ticinesi,4822329,5413724,,0,,,
197,197,Zimmermann Thomas,Schweizerischer Gewerkschaftsbund,1025987,,,Pension funding,,,
443,197,0,0,0,0,,0,0,,0
198,198,Besio Beatrix,Persönliche Mitarbeiterin,4034403,4034403,,0,,,
444,198,Gfeller Peter,Schweizer Milchproduzenten,12957,188532,,Activities of professional membership organisations,,,
199,199,Paltenghi Luca,Persönlicher Mitarbeiter,0,p27007321472,,Pension funding,,,
445,199,0,0,0,0,,0,0,,0
200,200,Lauber Tamara,Persönliche Mitarbeiterin,6951145,6951145,,0,,,
446,200,0,0,0,0,,0,0,,0
201,201,Rodewald Raimund,Stiftung Landschaftsschutz Schweiz,728838,728838,,Other interest groups,,,
447,201,Bianchi Doris,Schweizerischer Gewerkschaftsbund,5429227,,,Pension funding,,,
202,202,Ruiz Rebecca,Gast,5376076,,,Freight transport by road,,,
448,202,Fleury Mathieu,Fédération romande des consommateurs (FRC),4220813,,,0,,,
203,203,Ulrico Kessler,Pro Natura,0,,,"Agents involved in the sale of machinery, industrial equipment, ships and aircraft",,,
449,203,Beglinger Caroline,Verkehrs-Club der Schweiz (VCS),865001,865001,,Other interest groups,,,
204,204,Tschirky Erich,Schweizerische Gesundheitsliga-Konferenz (GELIKO),5397624,5397624,,0,,,
450,204,Bienlein Martin,H+ die Spitäler der Schweiz,5164353,5164353,,0,Leiter Geschäftsbereich Politik H+ (http://www.hplus.ch/de/servicenav/h_verband/geschaeftsstelle/),,
205,205,Kaufmann Hans-Peter,suissetec,264850,,,Wholesale of other machinery and equipment,,,
451,205,Müller Roland A.,Schweizerischer Arbeitgeberverband,1009092,,,,,,
206,206,Weissen Roman,KM Konsulta,519555,,,Public relations and communication activities,,,
452,206,Imbach Konrad,Verband Hafner- und Plattengeschäfte,808989,,,Activities of professional membership organisations,,,
207,207,0,0,0,0,,0,0,,0
453,207,0,0,0,0,,0,0,,0
208,208,Dürr Lucius,Schweizerischer Versicherungsverband,139779,139779,,Accident and indemnity insurance,,,
454,208,Mark Saxer,Furrer.Hugi & Partner AG,968931,6243190,,0,,,
209,209,Buser Christoph,Wirtschaftskammer Baselland,458604,4886204,,Activities of professional membership organisations,,,
455,209,0,,0,0,,0,0,,0
210,210,Nadler Anna-Lena,Jugendsession,0,,,0,,,
456,210,0,0,0,0,,0,0,,0
211,211,Mohn Sabrina,Christlichdemokratische Volkspartei (CVP) Baselland,6595930,6595930,,0,,,
457,211,Saladin Franz,Handelskammer beider Basel,417013,5190083,,Activities of business and employers membership organisations,,,
212,212,Polito Véronique,Schweizerischer Gewerkschaftsbund,6595640,5799727,,Pension funding,,,
458,212,Corpataux José,Schweizerischer Gewerkschaftsbund,271494,,,Pension funding,,,
213,213,Spicher Georges,Verband der Schweizerischen Cementindustrie (censuisse),460117,460117,,0,,,
459,213,Castella Christian,Fédération des Entreprises Romandes,5824540,,,Activities of business and employers membership organisations,,,
214,214,0,0,0,0,,0,0,,0
460,214,0,0,0,0,,0,0,,0
215,215,Ulber Marcus,Pro Natura,0,p21001303348,,"Agents involved in the sale of machinery, industrial equipment, ships and aircraft",,,
461,215,Liner Marcel,Pro Natura,5593769,,,,,,
216,216,Verrey Etiennette J.,Commission fédérale pour les questions féminines,0,5313040,,,,,
462,216,Oberbeck Simon,JDC Suisse,6525747,6525747,,,,,
217,217,Sauvain Mélanie ,Entraide Suisse Handicap AGILE,0,,,,Sekretärin AGILE seit 2009: http://www.agile.ch/news-fr&getDoc=580,,
463,217,Niggli Peter,Alliance Sud,358471,970677,,,Geschäftsleiter seit 1998: http://www.northsouth.ethz.ch/news/past_events/forum3/Peter_Niggli_CV.pdf,,
218,218,Alf Arnold,Verein Alpen-Initiative,1123261,5751781,,,"Geschäftsführer Alpeninitiative, 
Grüne Uri, VCS Uri, etc.
http://www.gruene-uri.ch/landrat-2012-2016/alf-arnold/",,
464,218,Rey Alfred,Schweizer Paraplegiker-Vereinigung,395099,4663719,,,"Leiter Public Affairs;
Gleichzeitig Bundeshauskorrespondent des Walliser Boten: http://www.fmef.ch/docs/1ollo_wb.pdf",,
219,219,Miescher Alex,SPORT/SFV,,6897508,,,"Schweizerischer Fussballverband (Generalsekretär), Kampfpilot, FDP-Politiker in Solothurn, www.alxmiescher.ch",,
465,219,Grichting Thomas J.,Krankenversicherer GROUPE MUTUEL,,6522394,,,"CEO Groupe Mutuel, 
Allianz Schweizerischer Krankenversicherer,
Schweizerischer Versicherungsverband",,
220,220,Kummer Matthias,Vereinigung Schweiz. Privatbanquiers,,731886,,,"Fürsprecher und Lobbyist, Kummer Public Affairs, http://books.google.ch/books?id=pJvt2MY_e08C&pg=PA225&lpg=PA225&dq=Vereinigung+Schweizerischer+privatbanquiers+Matthias+Kummer&source=bl&ots=_ZiodvakLA&sig=b9WzTM83iW_fdVrRUqfBW5mUWjw&hl=de&sa=X&ei=MDlMUdvPGKGO7AaEwYGgAg&ved=0CDAQ6AEwAA#v=onepage&q=Vereinigung%20Schweizerischer%20privatbanquiers%20Matthias%20Kummer&f=false",,
466,220,Buholzer René,Credit Suisse,,4931043,,,"CS: Leiter Public Affairs
ICC: Vorstand http://www.icc-switzerland.ch/de/icc-schweiz/vorstand
Young Leaders Alumni Foundation
Dr. Heinrich Wachter Stiftung",,
221,221,Merkli Christoph,Pro Velo Schweiz,,6879792,,,"Geschäftsführer Pro Velo Schweiz, http://www.pro-velo.ch/pro-velo/geschaeftsstelle/team/
Verein Velojournal",,
467,221,Ziltener Erika,Dachverband Schweizerischer Patientenstellen,,872550,,,Präsidentin des Daverbands: http://www.patientenstelle.ch/de/ueber-uns,,
222,222,Perron Louis,Perron Campaigns,,,,,www.perroncampaigns.ch/,,
468,222,0,0,,0,,,0,,0
223,223,0,0,,0,,,0,,0
469,223,0,0,,0,,,0,,0
224,224,Schwarz Johannes,Persönlicher Mitarbeiter,,,,,,,
470,224,Saxenhofer Peter,INSOS Schweiz,,729397,,,"""INSOS Schweiz"", Geschäftsführer, http://www.insos.ch/verband/geschaeftsstellen/mitarbeitende/
Ex-Geschäfsleiter VCS Schweiz, http://www.verkehrsclub.ch/de/online/medien/medienmitteilungen.html?tx_frpredakartikel_pi3_detail=7772",,
225,225,0,0,,0,,,0,,0
471,225,0,0,,0,,,0,,0
226,226,Graf Manuel,WWF Schweiz,,,,,,,
472,226,Koch Anne,Greenpeace,,,,,,,
227,227,Chiavaroli Danielle ,Persönliche Mitarbeiterin,,,,,,,
473,227,Byland Karin,Persönliche Mitarbeiterin,,,,,,,
228,228,Lampart Daniel,SGB-Sekretariatsleiter und Chefökonom,,,,,,,
474,228,0,0,,0,,,0,,0
229,229,Hayoz Barbara,Gast,,880283,,,Ex-Gemeinderätin der Stadt Bern http://www.bernerzeitung.ch/region/bern/Barbara-Hayoz-bleibt-im-StabeVerwaltungsrat/story/18563957,,
475,229,Langenegger Walter,Stadtverwaltung Bern,,,,,,,
230,230,Henseler Pfyl Nathalie,Büro für Sprache und Politik,,,,,,,
476,230,Durrer Urs,Amt für Wirtschaft des Kantons Schwyz,,,,,,,
231,231,Frund Vinciane ,Médecins de famille Suisse,0,,,,,,
477,231,Michaud Gigon Sophie,Pro Natura,6702969,6702969,,,,,
232,232,Eperon Patrick ,Centre Patronal,5037345,,,Activities of business and employers membership organisations,,,
478,232,Schneuwly Felix,comparis.ch,803839,4442814,,Computer programming activities,,,
233,233,Weber Busch Catherine ,Schweizerischer Verband des Personals öffentlicher Dienste (vpod),0,,,Activities of trade unions,,,
479,233,Schaffner Ursula,Persönliche Mitarbeiterin,1039456,,,0,,,
234,234,Vitali-Odermatt Klara,Gast,0,5596910,,Freight transport by road,,,
480,234,Jurendic Marinko,Gast,7102120,,,Freight transport by road,,,
235,235,Stückelberger Ueli,Verband öffentlicher Verkehr (VöV),0,6719597,,Activities of professional membership organisations,,,
481,235,Egle Franz,Dynamics Group,5460240,1190796,,Business and other management consultancy activities,"Ex-VR Mitglied Andermatt Hotel Holding AG, enge Verbindung zu Sawiris (hat Deal in Andermatt eingefädelt), seine Agentur macht(e) Lobbying für EADS / Eurofighter im Kampfjet-Entscheid, weiterer Kunde der Agentur: WEF",,
236,236,Badertscher Christine,Persönliche Mitarbeiterin,5280775,,,0,,,
482,236,Fust Michael,Neue Europäische Bewegung Schweiz (Nebs),854881,,,0,,,
237,237,Minder Heinrich,Gast,18026,,,Freight transport by road,,,
483,237,Flückiger Stefan,Berner Waldbesitzer (BWB),6235820,,,0,,,
238,238,Zimmermann Michel,Persönlicher Mitarbeiter,542304,,,Pension funding,,,
484,238,Montangero Stephane ,Fourchette verte Suisse,4196966,,,0,,,
239,239,Walter Madeleine,Gast,513540,p22011150457,,Freight transport by road,,,
485,239,Schneider Urs,Persönlicher Mitarbeiter,5341530,,,Pension funding,,,
240,240,Peyer Hans,Allianz der Wirtschaft für eine massvolle Präventionspolitik (AWMP),1049831,p26001815016,,0,,,
486,240,Linder Stefan,Swiss Economic Forum,302856,1038098,,"Cultural, education, scientific and research organisations",,,
241,241,Wasserfallen Margret,Gast,0,p25005302916,,Freight transport by road,,,
487,241,Thalhammer Alexandra,Gast,0,p28007352913,,Freight transport by road,,,
242,242,Beglinger Nick,swisscleantech,0,56476,,Research and experimental development on social sciences and humanities,http://www.handelszeitung.ch/unternehmen/nick-beglinger-suspekter-saubermann,,
488,242,Kunz Stefan,Aqua Viva-Rheinaubund,5686312,p24006194100,,0,,,
243,243,Petrusic Ivica ,Dachverband der offenen Jugendarbeit Schweiz (DOJ),6595626,6595626,,0,,,
489,243,Sariaslan Emine,Forum für die Integration der Migrantinnen und Migranten (FIMM),0,p22009442056,,0,,,
244,244,Burgener Andreas ,auto-schweiz,6615680,4723834,,Web portals,,,
490,244,0,0,0,0,,0,0,,0
245,245,Meier Bernhard ,SBB AG,842567,5728900,,Other transportation support activities,,,
491,245,Tuti Giorgio,Gewerkschaft des Verkehrspersonals,4573869,4573869,,Activities of trade unions,,,
246,246,Ziörjen Maja ,Gast,543205,543205,,Freight transport by road,,,
492,246,Stockmann Benedikt,Bürgerlich-Demokratische Partei (BDP) Kanton Zürich,472127,472127,,0,,,